StartDate,EndDate,Status,IPAddress,Progress,Duration (in seconds),Finished,RecordedDate,ResponseId,RecipientLastName,RecipientFirstName,RecipientEmail,ExternalReference,LocationLatitude,LocationLongitude,DistributionChannel,UserLanguage,1_similarity_gen,1_similarity_style,1_similarity_subject,2_similarity_gen,2_similarity_style,2_similarity_subject,3_similarity_gen,3_similarity_style,3_similarity_subject,4_similarity_gen,4_similarity_style,4_similarity_subject,5_similarity_gen,5_similarity_style,5_similarity_subject,6_similarity_gen,6_similarity_style,6_similarity_subject,7_similarity_gen,7_similarity_style,7_similarity_subject,8_similarity_gen,8_similarity_style,8_similarity_subject,9_similarity_gen,9_similarity_style,9_similarity_subject,10_similarity_gen,10_similarity_style,10_similarity_subject,11_similarity_gen,11_similarity_style,11_similarity_subject,12_similarity_gen,12_similarity_style,12_similarity_subject,13_similarity_gen,13_similarity_style,13_similarity_subject,14_similarity_gen,14_similarity_style,14_similarity_subject,15_similarity_gen,15_similarity_style,15_similarity_subject,16_similarity_gen,16_similarity_style,16_similarity_subject,17_similarity_gen,17_similarity_style,17_similarity_subject,18_similarity_gen,18_similarity_style,18_similarity_subject,19_similarity_gen,19_similarity_style,19_similarity_subject,20_similarity_gen,20_similarity_style,20_similarity_subject,21_similarity_gen,21_similarity_style,21_similarity_subject,22_similarity_gen,22_similarity_style,22_similarity_subject,23_similarity_gen,23_similarity_style,23_similarity_subject,24_similarity_gen,24_similarity_style,24_similarity_subject,25_similarity_gen,25_similarity_style,25_similarity_subject,26_similarity_gen,26_similarity_style,26_similarity_subject,27_similarity_gen,27_similarity_style,27_similarity_subject,28_similarity_gen,28_similarity_style,28_similarity_subject,29_similarity_gen,29_similarity_style,29_similarity_subject,30_similarity_gen,30_similarity_style,30_similarity_subject,31_similarity_gen,31_similarity_style,31_similarity_subject,32_similarity_gen,32_similarity_style,32_similarity_subject,33_similarity_gen,33_similarity_style,33_similarity_subject,34_similarity_gen,34_similarity_style,34_similarity_subject,35_similarity_gen,35_similarity_style,35_similarity_subject,36_similarity_gen,36_similarity_style,36_similarity_subject,37_similarity_gen,37_similarity_style,37_similarity_subject,38_similarity_gen,38_similarity_style,38_similarity_subject,39_similarity_gen,39_similarity_style,39_similarity_subject,40_similarity_gen,40_similarity_style,40_similarity_subject,41_similarity_gen,41_similarity_style,41_similarity_subject,42_similarity_gen,42_similarity_style,42_similarity_subject,43_similarity_gen,43_similarity_style,43_similarity_subject,44_similarity_gen,44_similarity_style,44_similarity_subject,45_similarity_gen,45_similarity_style,45_similarity_subject,46_similarity_gen,46_similarity_style,46_similarity_subject,47_similarity_gen,47_similarity_style,47_similarity_subject,48_similarity_gen,48_similarity_style,48_similarity_subject,1_visual_expl_1,1_style_expl_1,1_visual_expl_2,1_style_expl_2,age,art_training_years,art_training_type
Start Date,End Date,Response Type,IP Address,Progress,Duration (in seconds),Finished,Recorded Date,Response ID,Recipient Last Name,Recipient First Name,Recipient Email,External Data Reference,Location Latitude,Location Longitude,Distribution Channel,User Language,IM_emTS33xeYrMOCPA - How similar do you feel these paintings are visually?,IM_emTS33xeYrMOCPA - How similar do you feel these paintings are in terms of their style?,IM_emTS33xeYrMOCPA - How similar do you feel these paintings are in terms of their content or subject matter?,IM_e2t6cMCL9z5sGMe - How similar do you feel these paintings are visually?,IM_e2t6cMCL9z5sGMe - How similar do you feel these paintings are in terms of their style?,IM_e2t6cMCL9z5sGMe - How similar do you feel these paintings are in terms of their content or subject matter?,IM_2r9jzZVbzBJggoC - How similar do you feel these paintings are visually?,IM_2r9jzZVbzBJggoC - How similar do you feel these paintings are in terms of their style?,IM_2r9jzZVbzBJggoC - How similar do you feel these paintings are in terms of their content or subject matter?,IM_0MXal0UHUo0Tg4C - How similar do you feel these paintings are visually?,IM_0MXal0UHUo0Tg4C - How similar do you feel these paintings are in terms of their style?,IM_0MXal0UHUo0Tg4C - How similar do you feel these paintings are in terms of their content or subject matter?,IM_eQgxUmHXGqjGAJg - How similar do you feel these paintings are visually?,IM_eQgxUmHXGqjGAJg - How similar do you feel these paintings are in terms of their style?,IM_eQgxUmHXGqjGAJg - How similar do you feel these paintings are in terms of their content or subject matter?,IM_6sarEKBW0Ch0RFk - How similar do you feel these paintings are visually?,IM_6sarEKBW0Ch0RFk - How similar do you feel these paintings are in terms of their style?,IM_6sarEKBW0Ch0RFk - How similar do you feel these paintings are in terms of their content or subject matter?,IM_3VMYK41eWEbmyFM - How similar do you feel these paintings are visually?,IM_3VMYK41eWEbmyFM - How similar do you feel these paintings are in terms of their style?,IM_3VMYK41eWEbmyFM - How similar do you feel these paintings are in terms of their content or subject matter?,IM_4ZbpIJzUCpth61E - How similar do you feel these paintings are visually?,IM_4ZbpIJzUCpth61E - How similar do you feel these paintings are in terms of their style?,IM_4ZbpIJzUCpth61E - How similar do you feel these paintings are in terms of their content or subject matter?,IM_3QMpsmSkEWTAiZ8 - How similar do you feel these paintings are visually?,IM_3QMpsmSkEWTAiZ8 - How similar do you feel these paintings are in terms of their style?,IM_3QMpsmSkEWTAiZ8 - How similar do you feel these paintings are in terms of their content or subject matter?,IM_6lG54MvpNc8gln0 - How similar do you feel these paintings are visually?,IM_6lG54MvpNc8gln0 - How similar do you feel these paintings are in terms of their style?,IM_6lG54MvpNc8gln0 - How similar do you feel these paintings are in terms of their content or subject matter?,IM_3jZ7TPJ4C1jufOK - How similar do you feel these paintings are visually?,IM_3jZ7TPJ4C1jufOK - How similar do you feel these paintings are in terms of their style?,IM_3jZ7TPJ4C1jufOK - How similar do you feel these paintings are in terms of their content or subject matter?,IM_3TTqu1iplWFx0xw - How similar do you feel these paintings are visually?,IM_3TTqu1iplWFx0xw - How similar do you feel these paintings are in terms of their style?,IM_3TTqu1iplWFx0xw - How similar do you feel these paintings are in terms of their content or subject matter?,IM_6RVCOjIvZrqsgIu - How similar do you feel these paintings are visually?,IM_6RVCOjIvZrqsgIu - How similar do you feel these paintings are in terms of their style?,IM_6RVCOjIvZrqsgIu - How similar do you feel these paintings are in terms of their content or subject matter?,IM_5aTkScmr5QqEvBk - How similar do you feel these paintings are visually?,IM_5aTkScmr5QqEvBk - How similar do you feel these paintings are in terms of their style?,IM_5aTkScmr5QqEvBk - How similar do you feel these paintings are in terms of their content or subject matter?,IM_a67yHS4BGDNh0mG - How similar do you feel these paintings are visually?,IM_a67yHS4BGDNh0mG - How similar do you feel these paintings are in terms of their style?,IM_a67yHS4BGDNh0mG - How similar do you feel these paintings are in terms of their content or subject matter?,IM_0CfvxguSmcyD30O - How similar do you feel these paintings are visually?,IM_0CfvxguSmcyD30O - How similar do you feel these paintings are in terms of their style?,IM_0CfvxguSmcyD30O - How similar do you feel these paintings are in terms of their content or subject matter?,IM_cYEwnpatLGE0bHg - How similar do you feel these paintings are visually?,IM_cYEwnpatLGE0bHg - How similar do you feel these paintings are in terms of their style?,IM_cYEwnpatLGE0bHg - How similar do you feel these paintings are in terms of their content or subject matter?,IM_7ajWm0cpL82Dljg - How similar do you feel these paintings are visually?,IM_7ajWm0cpL82Dljg - How similar do you feel these paintings are in terms of their style?,IM_7ajWm0cpL82Dljg - How similar do you feel these paintings are in terms of their content or subject matter?,IM_0cC6cYgWW75NPF4 - How similar do you feel these paintings are visually?,IM_0cC6cYgWW75NPF4 - How similar do you feel these paintings are in terms of their style?,IM_0cC6cYgWW75NPF4 - How similar do you feel these paintings are in terms of their content or subject matter?,IM_a5xGfiXjnfzMoMm - How similar do you feel these paintings are visually?,IM_a5xGfiXjnfzMoMm - How similar do you feel these paintings are in terms of their style?,IM_a5xGfiXjnfzMoMm - How similar do you feel these paintings are in terms of their content or subject matter?,IM_eWHCjVeKCht5ibI - How similar do you feel these paintings are visually?,IM_eWHCjVeKCht5ibI - How similar do you feel these paintings are in terms of their style?,IM_eWHCjVeKCht5ibI - How similar do you feel these paintings are in terms of their content or subject matter?,IM_3Qs5keALtg7eMnk - How similar do you feel these paintings are visually?,IM_3Qs5keALtg7eMnk - How similar do you feel these paintings are in terms of their style?,IM_3Qs5keALtg7eMnk - How similar do you feel these paintings are in terms of their content or subject matter?,IM_0DO27Xu7YFyAWfY - How similar do you feel these paintings are visually?,IM_0DO27Xu7YFyAWfY - How similar do you feel these paintings are in terms of their style?,IM_0DO27Xu7YFyAWfY - How similar do you feel these paintings are in terms of their content or subject matter?,IM_3ejYHnsXheYTrb8 - How similar do you feel these paintings are visually?,IM_3ejYHnsXheYTrb8 - How similar do you feel these paintings are in terms of their style?,IM_3ejYHnsXheYTrb8 - How similar do you feel these paintings are in terms of their content or subject matter?,IM_6xsz2GaIkPoQy4C - How similar do you feel these paintings are visually?,IM_6xsz2GaIkPoQy4C - How similar do you feel these paintings are in terms of their style?,IM_6xsz2GaIkPoQy4C - How similar do you feel these paintings are in terms of their content or subject matter?,IM_3w7XhvY9tVRKIgm - How similar do you feel these paintings are visually?,IM_3w7XhvY9tVRKIgm - How similar do you feel these paintings are in terms of their style?,IM_3w7XhvY9tVRKIgm - How similar do you feel these paintings are in terms of their content or subject matter?,IM_9GEzSWFZxV22pRY - How similar do you feel these paintings are visually?,IM_9GEzSWFZxV22pRY - How similar do you feel these paintings are in terms of their style?,IM_9GEzSWFZxV22pRY - How similar do you feel these paintings are in terms of their content or subject matter?,IM_23mUPMfyAP4gbzw - How similar do you feel these paintings are visually?,IM_23mUPMfyAP4gbzw - How similar do you feel these paintings are in terms of their style?,IM_23mUPMfyAP4gbzw - How similar do you feel these paintings are in terms of their content or subject matter?,IM_2smfluy3lKiTxGe - How similar do you feel these paintings are visually?,IM_2smfluy3lKiTxGe - How similar do you feel these paintings are in terms of their style?,IM_2smfluy3lKiTxGe - How similar do you feel these paintings are in terms of their content or subject matter?,IM_7PTErOPUpAcUfSm - How similar do you feel these paintings are visually?,IM_7PTErOPUpAcUfSm - How similar do you feel these paintings are in terms of their style?,IM_7PTErOPUpAcUfSm - How similar do you feel these paintings are in terms of their content or subject matter?,IM_9n6LmaMsPGoAbtk - How similar do you feel these paintings are visually?,IM_9n6LmaMsPGoAbtk - How similar do you feel these paintings are in terms of their style?,IM_9n6LmaMsPGoAbtk - How similar do you feel these paintings are in terms of their content or subject matter?,IM_aWt6yv0qHeDApLg - How similar do you feel these paintings are visually?,IM_aWt6yv0qHeDApLg - How similar do you feel these paintings are in terms of their style?,IM_aWt6yv0qHeDApLg - How similar do you feel these paintings are in terms of their content or subject matter?,IM_0Cis8Rf8XEtpEYS - How similar do you feel these paintings are visually?,IM_0Cis8Rf8XEtpEYS - How similar do you feel these paintings are in terms of their style?,IM_0Cis8Rf8XEtpEYS - How similar do you feel these paintings are in terms of their content or subject matter?,IM_beBdfsSuEl84Veu - How similar do you feel these paintings are visually?,IM_beBdfsSuEl84Veu - How similar do you feel these paintings are in terms of their style?,IM_beBdfsSuEl84Veu - How similar do you feel these paintings are in terms of their content or subject matter?,IM_0TEejQztGTXrf3U - How similar do you feel these paintings are visually?,IM_0TEejQztGTXrf3U - How similar do you feel these paintings are in terms of their style?,IM_0TEejQztGTXrf3U - How similar do you feel these paintings are in terms of their content or subject matter?,IM_1Y274E4UWgykiVg - How similar do you feel these paintings are visually?,IM_1Y274E4UWgykiVg - How similar do you feel these paintings are in terms of their style?,IM_1Y274E4UWgykiVg - How similar do you feel these paintings are in terms of their content or subject matter?,IM_1X3cFCsHqzaqYrY - How similar do you feel these paintings are visually?,IM_1X3cFCsHqzaqYrY - How similar do you feel these paintings are in terms of their style?,IM_1X3cFCsHqzaqYrY - How similar do you feel these paintings are in terms of their content or subject matter?,IM_6XoKUokeiwFkf66 - How similar do you feel these paintings are visually?,IM_6XoKUokeiwFkf66 - How similar do you feel these paintings are in terms of their style?,IM_6XoKUokeiwFkf66 - How similar do you feel these paintings are in terms of their content or subject matter?,IM_aVFAEIRij5pvHYW - How similar do you feel these paintings are visually?,IM_aVFAEIRij5pvHYW - How similar do you feel these paintings are in terms of their style?,IM_aVFAEIRij5pvHYW - How similar do you feel these paintings are in terms of their content or subject matter?,IM_cA28rStAVxRCEya - How similar do you feel these paintings are visually?,IM_cA28rStAVxRCEya - How similar do you feel these paintings are in terms of their style?,IM_cA28rStAVxRCEya - How similar do you feel these paintings are in terms of their content or subject matter?,IM_3aZvjJKMzZ5E6wu - How similar do you feel these paintings are visually?,IM_3aZvjJKMzZ5E6wu - How similar do you feel these paintings are in terms of their style?,IM_3aZvjJKMzZ5E6wu - How similar do you feel these paintings are in terms of their content or subject matter?,IM_6WpjaFMCbCqlGXY - How similar do you feel these paintings are visually?,IM_6WpjaFMCbCqlGXY - How similar do you feel these paintings are in terms of their style?,IM_6WpjaFMCbCqlGXY - How similar do you feel these paintings are in terms of their content or subject matter?,IM_a3mvZbiaj9i60zs - How similar do you feel these paintings are visually?,IM_a3mvZbiaj9i60zs - How similar do you feel these paintings are in terms of their style?,IM_a3mvZbiaj9i60zs - How similar do you feel these paintings are in terms of their content or subject matter?,IM_dgxDisILIdEdVKC - How similar do you feel these paintings are visually?,IM_dgxDisILIdEdVKC - How similar do you feel these paintings are in terms of their style?,IM_dgxDisILIdEdVKC - How similar do you feel these paintings are in terms of their content or subject matter?,IM_0GlX6r961LtFnbU - How similar do you feel these paintings are visually?,IM_0GlX6r961LtFnbU - How similar do you feel these paintings are in terms of their style?,IM_0GlX6r961LtFnbU - How similar do you feel these paintings are in terms of their content or subject matter?,IM_6sP7V5MgT9YqJsq - How similar do you feel these paintings are visually?,IM_6sP7V5MgT9YqJsq - How similar do you feel these paintings are in terms of their style?,IM_6sP7V5MgT9YqJsq - How similar do you feel these paintings are in terms of their content or subject matter?,IM_9yK7YjA51IhfcWi - How similar do you feel these paintings are visually?,IM_9yK7YjA51IhfcWi - How similar do you feel these paintings are in terms of their style?,IM_9yK7YjA51IhfcWi - How similar do you feel these paintings are in terms of their content or subject matter?,IM_1ySvdwIHgRYLqPY - How similar do you feel these paintings are visually?,IM_1ySvdwIHgRYLqPY - How similar do you feel these paintings are in terms of their style?,IM_1ySvdwIHgRYLqPY - How similar do you feel these paintings are in terms of their content or subject matter?,"IM_7PTErOPUpAcUfSm - For this pair, you gave an overall visual similarity score of [30_QID4-ChoiceGroup-SelectedChoices] on a 7-point scale from ""Not at all"" to ""Very similar."" Please write a few phrases or sentences explaining why you gave this rating. What features of the images did you use to make this judgment?","IM_7PTErOPUpAcUfSm - For this pair, you gave a style similarity score of [30_QID9-ChoiceGroup-SelectedChoices] on a 7-point scale from ""Not at all"" to ""Very similar."" Please write a few phrases or sentences explaining why you gave this rating. What features of the images did you use to make this judgment?","IM_1X3cFCsHqzaqYrY - For this pair, you gave an overall visual similarity score of [37_QID4-ChoiceGroup-SelectedChoices] on a 7-point scale from ""Not at all"" to ""Very similar."" Please write a few phrases or sentences explaining why you gave this rating. What features of the images did you use to make this judgment?","IM_1X3cFCsHqzaqYrY - For this pair, you gave a style similarity score of [37_QID9-ChoiceGroup-SelectedChoices] on a 7-point scale from ""Not at all"" to ""Very similar."" Please write a few phrases or sentences explaining why you gave this rating. What features of the images did you use to make this judgment?",What is your age?,"How many years of visual art experience or training do you have? If you do not have visual art experience or training, please write ""0.""",What does your visual art training consist of? Please check all that apply.
"{""ImportId"":""startDate"",""timeZone"":""America/Denver""}","{""ImportId"":""endDate"",""timeZone"":""America/Denver""}","{""ImportId"":""status""}","{""ImportId"":""ipAddress""}","{""ImportId"":""progress""}","{""ImportId"":""duration""}","{""ImportId"":""finished""}","{""ImportId"":""recordedDate"",""timeZone"":""America/Denver""}","{""ImportId"":""_recordId""}","{""ImportId"":""recipientLastName""}","{""ImportId"":""recipientFirstName""}","{""ImportId"":""recipientEmail""}","{""ImportId"":""externalDataReference""}","{""ImportId"":""locationLatitude""}","{""ImportId"":""locationLongitude""}","{""ImportId"":""distributionChannel""}","{""ImportId"":""userLanguage""}","{""ImportId"":""1_QID4""}","{""ImportId"":""1_QID9""}","{""ImportId"":""1_QID8""}","{""ImportId"":""2_QID4""}","{""ImportId"":""2_QID9""}","{""ImportId"":""2_QID8""}","{""ImportId"":""3_QID4""}","{""ImportId"":""3_QID9""}","{""ImportId"":""3_QID8""}","{""ImportId"":""4_QID4""}","{""ImportId"":""4_QID9""}","{""ImportId"":""4_QID8""}","{""ImportId"":""5_QID4""}","{""ImportId"":""5_QID9""}","{""ImportId"":""5_QID8""}","{""ImportId"":""6_QID4""}","{""ImportId"":""6_QID9""}","{""ImportId"":""6_QID8""}","{""ImportId"":""7_QID4""}","{""ImportId"":""7_QID9""}","{""ImportId"":""7_QID8""}","{""ImportId"":""8_QID4""}","{""ImportId"":""8_QID9""}","{""ImportId"":""8_QID8""}","{""ImportId"":""9_QID4""}","{""ImportId"":""9_QID9""}","{""ImportId"":""9_QID8""}","{""ImportId"":""10_QID4""}","{""ImportId"":""10_QID9""}","{""ImportId"":""10_QID8""}","{""ImportId"":""11_QID4""}","{""ImportId"":""11_QID9""}","{""ImportId"":""11_QID8""}","{""ImportId"":""12_QID4""}","{""ImportId"":""12_QID9""}","{""ImportId"":""12_QID8""}","{""ImportId"":""13_QID4""}","{""ImportId"":""13_QID9""}","{""ImportId"":""13_QID8""}","{""ImportId"":""14_QID4""}","{""ImportId"":""14_QID9""}","{""ImportId"":""14_QID8""}","{""ImportId"":""15_QID4""}","{""ImportId"":""15_QID9""}","{""ImportId"":""15_QID8""}","{""ImportId"":""16_QID4""}","{""ImportId"":""16_QID9""}","{""ImportId"":""16_QID8""}","{""ImportId"":""17_QID4""}","{""ImportId"":""17_QID9""}","{""ImportId"":""17_QID8""}","{""ImportId"":""18_QID4""}","{""ImportId"":""18_QID9""}","{""ImportId"":""18_QID8""}","{""ImportId"":""19_QID4""}","{""ImportId"":""19_QID9""}","{""ImportId"":""19_QID8""}","{""ImportId"":""20_QID4""}","{""ImportId"":""20_QID9""}","{""ImportId"":""20_QID8""}","{""ImportId"":""21_QID4""}","{""ImportId"":""21_QID9""}","{""ImportId"":""21_QID8""}","{""ImportId"":""22_QID4""}","{""ImportId"":""22_QID9""}","{""ImportId"":""22_QID8""}","{""ImportId"":""23_QID4""}","{""ImportId"":""23_QID9""}","{""ImportId"":""23_QID8""}","{""ImportId"":""24_QID4""}","{""ImportId"":""24_QID9""}","{""ImportId"":""24_QID8""}","{""ImportId"":""25_QID4""}","{""ImportId"":""25_QID9""}","{""ImportId"":""25_QID8""}","{""ImportId"":""26_QID4""}","{""ImportId"":""26_QID9""}","{""ImportId"":""26_QID8""}","{""ImportId"":""27_QID4""}","{""ImportId"":""27_QID9""}","{""ImportId"":""27_QID8""}","{""ImportId"":""28_QID4""}","{""ImportId"":""28_QID9""}","{""ImportId"":""28_QID8""}","{""ImportId"":""29_QID4""}","{""ImportId"":""29_QID9""}","{""ImportId"":""29_QID8""}","{""ImportId"":""30_QID4""}","{""ImportId"":""30_QID9""}","{""ImportId"":""30_QID8""}","{""ImportId"":""31_QID4""}","{""ImportId"":""31_QID9""}","{""ImportId"":""31_QID8""}","{""ImportId"":""32_QID4""}","{""ImportId"":""32_QID9""}","{""ImportId"":""32_QID8""}","{""ImportId"":""33_QID4""}","{""ImportId"":""33_QID9""}","{""ImportId"":""33_QID8""}","{""ImportId"":""34_QID4""}","{""ImportId"":""34_QID9""}","{""ImportId"":""34_QID8""}","{""ImportId"":""35_QID4""}","{""ImportId"":""35_QID9""}","{""ImportId"":""35_QID8""}","{""ImportId"":""36_QID4""}","{""ImportId"":""36_QID9""}","{""ImportId"":""36_QID8""}","{""ImportId"":""37_QID4""}","{""ImportId"":""37_QID9""}","{""ImportId"":""37_QID8""}","{""ImportId"":""38_QID4""}","{""ImportId"":""38_QID9""}","{""ImportId"":""38_QID8""}","{""ImportId"":""39_QID4""}","{""ImportId"":""39_QID9""}","{""ImportId"":""39_QID8""}","{""ImportId"":""40_QID4""}","{""ImportId"":""40_QID9""}","{""ImportId"":""40_QID8""}","{""ImportId"":""41_QID4""}","{""ImportId"":""41_QID9""}","{""ImportId"":""41_QID8""}","{""ImportId"":""42_QID4""}","{""ImportId"":""42_QID9""}","{""ImportId"":""42_QID8""}","{""ImportId"":""43_QID4""}","{""ImportId"":""43_QID9""}","{""ImportId"":""43_QID8""}","{""ImportId"":""44_QID4""}","{""ImportId"":""44_QID9""}","{""ImportId"":""44_QID8""}","{""ImportId"":""45_QID4""}","{""ImportId"":""45_QID9""}","{""ImportId"":""45_QID8""}","{""ImportId"":""46_QID4""}","{""ImportId"":""46_QID9""}","{""ImportId"":""46_QID8""}","{""ImportId"":""47_QID4""}","{""ImportId"":""47_QID9""}","{""ImportId"":""47_QID8""}","{""ImportId"":""48_QID4""}","{""ImportId"":""48_QID9""}","{""ImportId"":""48_QID8""}","{""ImportId"":""1_QID11_TEXT""}","{""ImportId"":""1_QID15_TEXT""}","{""ImportId"":""1_QID14_TEXT""}","{""ImportId"":""1_QID16_TEXT""}","{""ImportId"":""QID5_TEXT""}","{""ImportId"":""QID6_TEXT""}","{""ImportId"":""QID7""}"
2022-04-20 18:49:14,2022-04-20 18:57:09,Survey Preview,,100,475,True,2022-04-20 18:57:11,R_Q9rA4zy8fnrWiuR,,,,,40.694,-73.9901,preview,EN,1 - Not at all,1 - Not at all,1 - Not at all,1 - Not at all,1 - Not at all,1 - Not at all,1 - Not at all,2,1 - Not at all,5,5,4,5,4,5,2,1 - Not at all,1 - Not at all,1 - Not at all,1 - Not at all,1 - Not at all,1 - Not at all,1 - Not at all,1 - Not at all,1 - Not at all,1 - Not at all,1 - Not at all,1 - Not at all,1 - Not at all,1 - Not at all,1 - Not at all,1 - Not at all,1 - Not at all,1 - Not at all,1 - Not at all,1 - Not at all,1 - Not at all,3,1 - Not at all,1 - Not at all,1 - Not at all,1 - Not at all,1 - Not at all,1 - Not at all,1 - Not at all,1 - Not at all,1 - Not at all,1 - Not at all,1 - Not at all,1 - Not at all,1 - Not at all,1 - Not at all,1 - Not at all,1 - Not at all,1 - Not at all,1 - Not at all,1 - Not at all,1 - Not at all,1 - Not at all,1 - Not at all,1 - Not at all,1 - Not at all,1 - Not at all,1 - Not at all,1 - Not at all,1 - Not at all,1 - Not at all,1 - Not at all,1 - Not at all,1 - Not at all,1 - Not at all,1 - Not at all,1 - Not at all,1 - Not at all,1 - Not at all,1 - Not at all,1 - Not at all,1 - Not at all,1 - Not at all,1 - Not at all,1 - Not at all,1 - Not at all,1 - Not at all,1 - Not at all,1 - Not at all,1 - Not at all,1 - Not at all,1 - Not at all,1 - Not at all,1 - Not at all,1 - Not at all,1 - Not at all,1 - Not at all,1 - Not at all,1 - Not at all,1 - Not at all,1 - Not at all,1 - Not at all,1 - Not at all,1 - Not at all,1 - Not at all,1 - Not at all,1 - Not at all,1 - Not at all,1 - Not at all,1 - Not at all,1 - Not at all,1 - Not at all,1 - Not at all,1 - Not at all,1 - Not at all,1 - Not at all,1 - Not at all,1 - Not at all,1 - Not at all,1 - Not at all,1 - Not at all,1 - Not at all,1 - Not at all,1 - Not at all,1 - Not at all,1 - Not at all,1 - Not at all,1 - Not at all,1 - Not at all,1 - Not at all,1 - Not at all,1 - Not at all,1 - Not at all,1 - Not at all,1 - Not at all,1 - Not at all,1 - Not at all,1 - Not at all,1 - Not at all,1 - Not at all,1 - Not at all,1 - Not at all,1 - Not at all,1 - Not at all,1 - Not at all,1 - Not at all,1 - Not at all,1 - Not at all,,,,,30,7,"Formal training in visual art practice (painting, sculpting, etc.)"
2022-04-21 09:59:39,2022-04-21 10:05:08,Survey Preview,,100,329,True,2022-04-21 10:05:09,R_2S2ZzYeYvTRUde2,,,,,40.7157,-74,preview,EN,4,6,6,4,6,6,4,6,6,4,6,6,4,6,6,4,6,6,4,6,6,4,6,6,4,6,6,4,6,6,4,6,6,4,6,6,4,6,6,4,6,6,4,6,6,4,6,6,4,6,6,4,6,6,4,6,6,3,5,5,3,5,5,4,6,6,4,6,6,4,6,6,8,7 - Very similar,7 - Very similar,8,7 - Very similar,7 - Very similar,8,7 - Very similar,7 - Very similar,8,7 - Very similar,7 - Very similar,8,7 - Very similar,7 - Very similar,8,7 - Very similar,7 - Very similar,8,7 - Very similar,7 - Very similar,8,7 - Very similar,7 - Very similar,8,7 - Very similar,7 - Very similar,8,7 - Very similar,7 - Very similar,8,7 - Very similar,7 - Very similar,8,7 - Very similar,7 - Very similar,8,7 - Very similar,7 - Very similar,8,7 - Very similar,7 - Very similar,8,7 - Very similar,7 - Very similar,8,7 - Very similar,7 - Very similar,8,7 - Very similar,7 - Very similar,8,7 - Very similar,7 - Very similar,8,7 - Very similar,7 - Very similar,8,7 - Very similar,7 - Very similar,8,7 - Very similar,7 - Very similar,8,7 - Very similar,7 - Very similar,8,7 - Very similar,7 - Very similar,8,7 - Very similar,7 - Very similar,,,,,26,5,"I don't have any art training, and I have little or no art exposure"
2022-04-21 18:50:27,2022-04-21 18:56:45,Survey Preview,,100,378,True,2022-04-21 18:56:46,R_2sXPJ2ByRTVaKGz,,,,,40.7359,-73.9904,preview,EN,5,6,6,4,4,4,5,6,6,5,5,5,5,4,4,4,4,4,5,5,5,5,5,5,4,4,4,5,5,5,5,5,5,5,5,5,4,4,4,5,5,5,5,5,5,5,5,5,5,5,5,4,4,4,4,4,4,6,5,6,6,5,6,6,5,6,6,5,5,5,5,5,5,5,5,5,5,5,6,5,5,5,5,5,5,5,5,5,5,5,6,5,6,5,5,5,5,5,5,6,5,6,5,5,5,6,6,5,4,4,4,5,5,5,6,6,6,5,6,5,5,5,5,4,4,3,5,5,5,4,4,4,5,5,5,5,5,5,6,5,6,5,5,5,A,A,A,A,2,2,"I don't have any art training, and I have little or no art exposure"
2022-04-22 11:04:33,2022-04-22 11:20:31,Survey Preview,,100,958,True,2022-04-22 11:20:33,R_1LUvY1EHfATnyZz,,,,,40.7359,-73.9904,preview,EN,5,5,5,5,5,5,5,5,5,5,5,5,5,5,5,5,5,5,5,5,5,5,5,5,5,5,5,5,5,5,5,5,5,5,5,5,5,5,5,5,5,5,5,5,5,5,5,5,6,6,6,5,5,5,5,5,5,5,5,5,5,5,5,5,5,5,6,6,6,5,5,5,5,5,5,5,5,5,5,5,5,4,4,4,5,5,5,5,5,5,5,5,5,6,6,6,5,5,5,4,4,4,5,5,5,6,6,6,4,4,4,5,5,5,5,5,5,5,5,5,5,5,5,5,5,5,5,5,5,5,5,5,5,5,5,5,5,5,5,5,5,5,5,5,A,A,A,A,20,0,"Formal training in visual art practice (painting, sculpting, etc.),Informal training in visual art practice (you create visual art regularly on your own)"
2022-04-22 11:35:08,2022-04-22 11:39:46,Survey Preview,,100,277,True,2022-04-22 11:39:47,R_10GTVYbK7Iig3gB,,,,,40.694,-73.9901,preview,EN,4,4,4,4,4,4,4,4,4,4,4,4,4,4,4,4,4,4,4,4,4,4,4,4,4,4,4,4,4,4,4,4,4,4,4,4,4,4,4,4,4,4,4,4,4,4,4,4,4,4,4,4,4,4,4,4,4,4,4,4,4,4,4,4,4,4,4,4,4,4,4,4,4,4,4,4,4,4,4,4,4,4,4,4,4,4,4,4,4,4,4,4,4,4,4,4,4,4,4,4,4,4,4,4,4,4,4,4,4,4,5,4,4,4,4,4,4,4,4,4,4,4,4,4,4,4,4,4,4,4,4,4,4,4,4,4,4,4,4,4,4,4,4,4,q,q,q,q,23,23,"Formal training in visual art practice (painting, sculpting, etc.),I don't have any art training, and I have little or no art exposure"
2022-04-22 12:07:41,2022-04-22 12:27:56,IP Address,50.225.16.155,100,1214,True,2022-04-22 12:27:57,R_AA03VLmsvUEcVMt,,,,,42.509,-71.1984,anonymous,EN,3,6,1 - Not at all,5,5,2,4,6,2,2,6,2,3,4,5,2,3,1 - Not at all,2,1 - Not at all,2,3,5,3,2,2,3,2,2,2,5,2,1 - Not at all,2,3,1 - Not at all,2,4,5,3,6,2,2,2,2,5,7 - Very similar,2,4,6,1 - Not at all,5,4,3,4,5,3,2,6,1 - Not at all,3,6,3,4,3,2,4,6,3,3,4,3,2,3,7 - Very similar,5,4,7 - Very similar,5,6,7 - Very similar,5,4,6,5,5,7 - Very similar,5,5,6,4,3,5,4,6,7 - Very similar,4,4,7 - Very similar,4,3,7 - Very similar,5,5,6,2,3,6,5,4,7 - Very similar,6,5,7 - Very similar,5,4,7 - Very similar,4,1 - Not at all,7 - Very similar,3,3,6,5,4,5,2,2,6,3,1 - Not at all,7 - Very similar,5,2,7 - Very similar,5,4,7 - Very similar,3,4,5,3,1 - Not at all,7 - Very similar,"Lots of greenish-yellowish colors. Since pictures are pretty small, brush strokes on the right one look similar to more ordered square-like regions on the left one. If pictures were bigger, I would probably give them smaller similarity score","Both styles are diverging from classical realistic style, and the direction of divergence seems the same for both: less emphasis on realism and real shapes, more emphasis on emotional content and colors","Both images show a small town, the composition is somewhat similar","Left one gives an impression of old monumental buildings, probably due to wide, clearly visible strokes. On the right one there are thin lines and strange coloring technique I can't properly describe, overall giving an impression of something unstable",23,0,"I don't have any art training, but I have substantial art exposure (you visit museums or galleries regularly, you read about art regularly, and/or you actively follow artists or arts institutions on social media)"
2022-04-22 12:23:09,2022-04-22 12:33:59,IP Address,173.68.101.249,100,650,True,2022-04-22 12:34:00,R_10IyRRECXYIYv6z,,,,,40.7099,-73.9591,anonymous,EN,1 - Not at all,1 - Not at all,1 - Not at all,4,4,1 - Not at all,4,5,1 - Not at all,2,2,2,4,3,5,1 - Not at all,1 - Not at all,1 - Not at all,1 - Not at all,1 - Not at all,1 - Not at all,4,5,1 - Not at all,1 - Not at all,1 - Not at all,1 - Not at all,2,1 - Not at all,1 - Not at all,3,2,1 - Not at all,2,1 - Not at all,1 - Not at all,2,1 - Not at all,4,1 - Not at all,3,1 - Not at all,1 - Not at all,1 - Not at all,1 - Not at all,6,7 - Very similar,4,2,2,1 - Not at all,5,6,3,6,7 - Very similar,2,4,7 - Very similar,2,2,2,1 - Not at all,1 - Not at all,1 - Not at all,1 - Not at all,4,4,1 - Not at all,1 - Not at all,1 - Not at all,1 - Not at all,1 - Not at all,1 - Not at all,6,7 - Very similar,5,4,6,5,7 - Very similar,6,5,6,5,5,5,6,5,6,5,4,6,6,6,6,5,2,5,6,6,7 - Very similar,6,4,6,1 - Not at all,2,3,5,4,7 - Very similar,6,5,6,3,3,5,2,1 - Not at all,4,2,1 - Not at all,4,5,4,6,2,1 - Not at all,5,1 - Not at all,1 - Not at all,7 - Very similar,4,1 - Not at all,6,6,5,5,5,7 - Very similar,5,5,3,7 - Very similar,"color, strokes, scene","changes colors a lot, uses similar brush strokes to change color",very similar scene and perspective,"right one is much more colorful, left one has more pronounced brush strokes",24,0,"I don't have any art training, and I have little or no art exposure"
2022-04-22 12:07:57,2022-04-22 12:40:34,IP Address,185.113.80.111,100,1956,True,2022-04-22 12:40:34,R_3Rkn5l6BuUT1wRi,,,,,51.5708,-0.1033,anonymous,EN,3,3,1 - Not at all,3,2,1 - Not at all,3,4,1 - Not at all,3,5,4,5,5,6,2,1 - Not at all,1 - Not at all,2,1 - Not at all,1 - Not at all,2,4,1 - Not at all,3,2,1 - Not at all,2,2,1 - Not at all,4,2,3,2,2,1 - Not at all,2,1 - Not at all,1 - Not at all,3,4,2,2,3,1 - Not at all,3,3,1 - Not at all,3,5,2,4,4,2,4,3,2,4,5,1 - Not at all,2,5,1 - Not at all,2,2,1 - Not at all,3,3,2,2,1 - Not at all,1 - Not at all,2,1 - Not at all,6,4,3,6,5,6,7 - Very similar,5,6,6,4,4,5,3,3,5,2,2,1 - Not at all,5,5,6,5,4,5,5,4,7 - Very similar,3,2,1 - Not at all,1 - Not at all,2,4,5,5,6,5,6,7 - Very similar,2,3,5,2,1 - Not at all,6,4,3,5,5,3,6,2,1 - Not at all,6,2,1 - Not at all,5,3,1 - Not at all,6,5,6,6,4,4,4,4,3,6,I gave a score larger than 2 because both images have green as one of the main colors. I gave a score lower than 4 because the left one looks way more abstract than the right one.,"I gave a score less than 4 because the left one feels more abstract than the right one. I gave a score larger than 2 because both are kind of impressionists style, where the painters use patches of green and yellow to represent landscapes.",I gave a score larger than 4 because both images are about landscapes. I gave a score smaller than 6 because the left one feels darker than the right one.,"I gave a score larger than 4 because both feels recall from unstable memory, I gave a score smaller than 6 because the left one is from a normal perspective, while the right one is tilted and has zigzag blanks.",29,0,"I don't have any art training, and I have little or no art exposure"
2022-04-22 12:17:51,2022-04-22 12:45:43,IP Address,24.102.120.157,100,1671,True,2022-04-22 12:45:43,R_3KImNmtbcSKvvqC,,,,,40.7465,-73.909,anonymous,EN,4,5,1 - Not at all,4,5,3,3,3,2,5,5,4,4,4,5,2,2,1 - Not at all,2,3,1 - Not at all,5,7 - Very similar,1 - Not at all,2,3,1 - Not at all,3,4,1 - Not at all,3,4,2,5,6,1 - Not at all,1 - Not at all,1 - Not at all,1 - Not at all,5,6,2,4,5,1 - Not at all,6,6,1 - Not at all,4,5,1 - Not at all,4,6,2,2,3,1 - Not at all,3,5,2,4,6,3,5,5,4,5,5,4,4,4,1 - Not at all,2,3,6,4,5,6,5,5,7 - Very similar,5,6,6,5,5,6,3,4,6,4,5,4,7 - Very similar,7 - Very similar,6,5,5,6,5,5,6,3,4,5,4,3,6,5,5,7 - Very similar,4,5,5,5,6,6,2,1 - Not at all,5,3,4,5,5,5,6,2,2,3,3,1 - Not at all,7 - Very similar,3,4,5,4,3,6,4,5,7 - Very similar,3,4,7 - Very similar,"Both are landscape images. It looks like the landscapes are hilly/undulating. ","Both images have some angularity and have sections that are defined. ","Both are scenes of towns, buildings.  ","Both have irregular definitions. ",61,0,"I don't have any art training, and I have little or no art exposure"
2022-04-22 13:36:08,2022-04-22 13:56:30,IP Address,143.177.74.193,100,1222,True,2022-04-22 13:56:31,R_3HIi3rqxWAiZyGq,,,,,52.0066,4.333,anonymous,EN,1 - Not at all,6,1 - Not at all,1 - Not at all,1 - Not at all,1 - Not at all,1 - Not at all,1 - Not at all,1 - Not at all,3,5,4,3,2,3,1 - Not at all,1 - Not at all,1 - Not at all,1 - Not at all,1 - Not at all,1 - Not at all,3,6,1 - Not at all,1 - Not at all,1 - Not at all,1 - Not at all,1 - Not at all,1 - Not at all,1 - Not at all,5,5,2,3,4,3,2,1 - Not at all,4,2,7 - Very similar,1 - Not at all,1 - Not at all,5,1 - Not at all,4,2,1 - Not at all,1 - Not at all,5,3,4,7 - Very similar,1 - Not at all,4,1 - Not at all,1 - Not at all,2,7 - Very similar,1 - Not at all,3,5,1 - Not at all,2,5,3,4,6,1 - Not at all,5,5,7 - Very similar,3,1 - Not at all,7 - Very similar,5,4,7 - Very similar,5,5,7 - Very similar,6,7 - Very similar,6,5,6,6,4,3,5,4,3,4,7 - Very similar,4,7 - Very similar,2,1 - Not at all,6,3,4,6,4,1 - Not at all,3,2,3,6,5,5,5,6,5,7 - Very similar,5,7 - Very similar,7 - Very similar,2,1 - Not at all,7 - Very similar,2,4,7 - Very similar,4,4,6,4,1 - Not at all,5,1 - Not at all,1 - Not at all,7 - Very similar,1 - Not at all,1 - Not at all,5,5,3,3,3,6,6,4,1 - Not at all,6,"Just a feeling ","Just. Feeling ",Houses,"Abstract ",41,0,"I don't have any art training, and I have little or no art exposure"
2022-04-22 14:18:37,2022-04-22 14:35:47,IP Address,24.34.141.7,100,1030,True,2022-04-22 14:35:48,R_2v8OcClNQ63TxVB,,,,,42.3907,-71.1349,anonymous,EN,1 - Not at all,1 - Not at all,1 - Not at all,1 - Not at all,1 - Not at all,1 - Not at all,1 - Not at all,4,1 - Not at all,1 - Not at all,4,3,3,3,3,1 - Not at all,1 - Not at all,1 - Not at all,1 - Not at all,1 - Not at all,1 - Not at all,1 - Not at all,4,1 - Not at all,1 - Not at all,1 - Not at all,1 - Not at all,1 - Not at all,1 - Not at all,1 - Not at all,5,1 - Not at all,1 - Not at all,1 - Not at all,5,1 - Not at all,4,1 - Not at all,6,4,5,1 - Not at all,1 - Not at all,1 - Not at all,1 - Not at all,1 - Not at all,1 - Not at all,1 - Not at all,1 - Not at all,6,1 - Not at all,4,3,1 - Not at all,1 - Not at all,4,1 - Not at all,5,5,1 - Not at all,1 - Not at all,6,1 - Not at all,1 - Not at all,1 - Not at all,1 - Not at all,1 - Not at all,4,3,1 - Not at all,1 - Not at all,1 - Not at all,6,1 - Not at all,6,5,5,5,5,5,5,6,5,6,1 - Not at all,4,2,5,1 - Not at all,5,1 - Not at all,1 - Not at all,1 - Not at all,5,4,1 - Not at all,4,4,4,5,5,4,3,1 - Not at all,7 - Very similar,1 - Not at all,1 - Not at all,3,4,1 - Not at all,4,3,1 - Not at all,5,4,3,4,4,1 - Not at all,6,5,1 - Not at all,5,2,2,5,1 - Not at all,1 - Not at all,1 - Not at all,4,1 - Not at all,1 - Not at all,5,1 - Not at all,7 - Very similar,1 - Not at all,1 - Not at all,1 - Not at all,5,5,1 - Not at all,5,1 - Not at all,7 - Very similar,"1) the brushstrokes 
2) the colors 
3) the scenery depicted ","1) the first image uses color in a more consistent way with colors fully filled in whereas the second mixes colors (evident through the movement of the brushstrokes) ","A scene of buildings, the similarity of colors ","movement of brushstrokes ",26,2,"Formal training in art history, theory, and/or criticism,Informal training in art history, theory, and/or criticism (you've studied at least one of these on your own)"
2022-04-22 14:22:11,2022-04-22 14:42:30,IP Address,216.165.95.154,100,1218,True,2022-04-22 14:42:30,R_3iyzCEhb48ilSwv,,,,,40.7359,-73.9904,anonymous,EN,5,6,1 - Not at all,6,6,5,7 - Very similar,7 - Very similar,7 - Very similar,4,5,5,5,5,5,2,3,2,1 - Not at all,1 - Not at all,1 - Not at all,6,7 - Very similar,3,4,4,3,2,5,2,4,2,3,3,4,3,5,6,6,4,3,4,5,7 - Very similar,2,7 - Very similar,7 - Very similar,5,5,7 - Very similar,3,6,6,4,6,6,5,6,7 - Very similar,3,4,4,3,5,5,2,6,7 - Very similar,4,5,5,4,3,2,6,6,5,7 - Very similar,7 - Very similar,7 - Very similar,7 - Very similar,5,4,7 - Very similar,6,6,6,7 - Very similar,7 - Very similar,7 - Very similar,4,4,5,7 - Very similar,7 - Very similar,7 - Very similar,5,5,7 - Very similar,5,5,7 - Very similar,5,4,7 - Very similar,5,5,7 - Very similar,5,5,7 - Very similar,6,5,6,7 - Very similar,7 - Very similar,7 - Very similar,2,1 - Not at all,6,3,3,6,5,3,6,4,2,6,3,2,7 - Very similar,3,3,6,5,5,6,6,6,7 - Very similar,6,4,7 - Very similar,they both looks like paintings portraitign abstract landscape with green-yellow color. the left one looks like autumn while the other looks like spring in the morningi. They are all peaceful.,They are all abstract. They use thick brush strokes and they see objects in blocks of color instead of lines. the left one does not follow the perspective view while the right one has a perspective view. The left one is more flat.,They all look like buildings and the left one feels peaceful while the right one feels a little bit sad. They all look like France.,They are similar in terms of not so detailed and the left one is more realistic. THey right one is more random and all the buildings are tilted. The right one its color is more controversy and blended.,25,1,"Informal training in art history, theory, and/or criticism (you've studied at least one of these on your own),I don't have any art training, but I have substantial art exposure (you visit museums or galleries regularly, you read about art regularly, and/or you actively follow artists or arts institutions on social media)"
2022-04-22 14:00:40,2022-04-22 14:49:16,IP Address,173.2.40.51,100,2916,True,2022-04-22 14:49:17,R_2zMcLhpGpI6qcv0,,,,,40.6981,-73.7045,anonymous,EN,3,2,1 - Not at all,3,2,2,1 - Not at all,3,3,4,3,5,5,3,7 - Very similar,3,2,1 - Not at all,3,3,1 - Not at all,2,4,1 - Not at all,1 - Not at all,2,1 - Not at all,4,5,1 - Not at all,2,2,4,2,2,1 - Not at all,2,2,1 - Not at all,2,2,3,3,5,1 - Not at all,2,1 - Not at all,6,4,4,2,3,3,1 - Not at all,1 - Not at all,1 - Not at all,1 - Not at all,1 - Not at all,1 - Not at all,1 - Not at all,1 - Not at all,3,1 - Not at all,3,2,1 - Not at all,5,5,4,1 - Not at all,1 - Not at all,1 - Not at all,1 - Not at all,1 - Not at all,6,5,2,6,7 - Very similar,7 - Very similar,7 - Very similar,5,5,7 - Very similar,5,3,7 - Very similar,2,2,5,3,2,1 - Not at all,7 - Very similar,7 - Very similar,7 - Very similar,2,5,7 - Very similar,1 - Not at all,1 - Not at all,6,1 - Not at all,1 - Not at all,2,4,3,5,3,3,6,7 - Very similar,6,7 - Very similar,5,4,7 - Very similar,2,1 - Not at all,5,5,5,4,5,5,7 - Very similar,1 - Not at all,2,6,3,1 - Not at all,7 - Very similar,4,3,6,5,2,7 - Very similar,4,6,7 - Very similar,4,2,7 - Very similar,"Colors and shapes. The first image has much more sharp edges etc. ","The first image is very abstract compared to the second ","The color schemes are very different ","The first image is almost blurry and everything seems out of focus. ",23,0,"I don't have any art training, and I have little or no art exposure"
2022-04-22 14:03:21,2022-04-22 14:56:04,IP Address,72.229.105.80,100,3163,True,2022-04-22 14:56:04,R_2TGej9tLl805faR,,,,,40.7157,-74,anonymous,EN,4,5,1 - Not at all,5,5,1 - Not at all,3,3,1 - Not at all,3,3,1 - Not at all,5,6,5,1 - Not at all,1 - Not at all,1 - Not at all,1 - Not at all,2,1 - Not at all,2,2,1 - Not at all,1 - Not at all,1 - Not at all,1 - Not at all,1 - Not at all,1 - Not at all,1 - Not at all,5,5,1 - Not at all,3,3,1 - Not at all,3,2,5,4,4,1 - Not at all,1 - Not at all,1 - Not at all,1 - Not at all,4,4,1 - Not at all,2,4,1 - Not at all,5,5,1 - Not at all,5,5,1 - Not at all,5,6,1 - Not at all,4,5,1 - Not at all,4,5,1 - Not at all,3,4,1 - Not at all,1 - Not at all,1 - Not at all,1 - Not at all,3,2,6,5,4,7 - Very similar,6,5,7 - Very similar,5,5,5,6,6,5,5,4,6,4,3,5,6,5,7 - Very similar,4,3,6,5,5,7 - Very similar,5,5,4,5,4,6,6,6,7 - Very similar,5,4,6,5,4,7 - Very similar,4,1 - Not at all,7 - Very similar,4,4,5,5,5,7 - Very similar,2,2,5,2,1 - Not at all,7 - Very similar,2,1 - Not at all,5,5,4,6,5,5,5,5,2,7 - Very similar,"The two share a similar color palette and visible brush strokes, but the painting style is pretty different. Both pieces depict scenes in nature, so the subject matter is very similar. Overall gave it a 5 because they felt more similar than not. ","Similar color palette and visible brush strokes, but the first painting is much more geometric and color blocked while the second is more impressionist and muddled, so the styles less similar than average. ","Similar scene depicted from a similar perspective or vantage point. Both paintings arenâ€™t super clear and share a similar color palette. ","Similar colors and messy painting style. One looks more hand drawn but overall felt like they could be made by the same artist attempting different styles. ",26,2,"Formal training in visual art practice (painting, sculpting, etc.),Informal training in visual art practice (you create visual art regularly on your own)"
2022-04-22 14:48:59,2022-04-22 14:59:54,IP Address,100.8.206.116,100,654,True,2022-04-22 14:59:54,R_3kFJvZI2wdBQPTd,,,,,40.7424,-74.0325,anonymous,EN,2,2,2,2,2,2,3,2,2,3,3,3,4,5,5,2,4,2,1 - Not at all,1 - Not at all,1 - Not at all,1 - Not at all,4,1 - Not at all,1 - Not at all,1 - Not at all,1 - Not at all,1 - Not at all,3,1 - Not at all,2,2,2,2,3,1 - Not at all,2,2,2,2,5,2,2,2,2,3,2,3,2,4,1 - Not at all,4,5,2,3,3,3,3,5,3,2,2,2,2,3,2,2,4,2,1 - Not at all,1 - Not at all,1 - Not at all,2,2,5,6,4,6,4,2,5,4,5,5,5,5,5,2,2,5,2,2,5,5,6,6,4,3,5,3,3,6,4,4,5,3,3,3,5,4,5,5,3,5,4,3,6,2,2,5,3,3,6,4,3,5,2,2,4,3,3,5,3,3,5,4,3,5,5,4,5,4,2,6,"paintings use a different artsyle altogether. Left one is more ""cartoonish"" ","Same as above. The artsyle is completely different. One is cartoonish while other is a bit more realistic ",they have a similar look to it where they are both trying to paint a town.,"They are both trying to paint two towns, but the artstyle is different. The one on the left looks like a renaissance era painting while other is more "" playful ""  ",24,0,"I don't have any art training, and I have little or no art exposure"
2022-04-22 14:05:50,2022-04-22 15:04:39,IP Address,88.122.151.221,100,3528,True,2022-04-22 15:04:40,R_3QXiMddZrJBpU6a,,,,,49.4199,2.823,anonymous,EN,2,6,1 - Not at all,2,6,1 - Not at all,2,2,1 - Not at all,2,2,3,2,1 - Not at all,5,1 - Not at all,1 - Not at all,1 - Not at all,1 - Not at all,1 - Not at all,1 - Not at all,2,2,2,1 - Not at all,5,1 - Not at all,2,2,2,2,2,1 - Not at all,2,2,1 - Not at all,1 - Not at all,2,3,1 - Not at all,2,1 - Not at all,1 - Not at all,2,1 - Not at all,2,4,1 - Not at all,2,1 - Not at all,1 - Not at all,1 - Not at all,2,1 - Not at all,2,5,1 - Not at all,5,7 - Very similar,1 - Not at all,1 - Not at all,5,2,2,1 - Not at all,1 - Not at all,5,2,1 - Not at all,1 - Not at all,1 - Not at all,1 - Not at all,2,1 - Not at all,6,3,2,7 - Very similar,7 - Very similar,6,6,5,3,6,6,6,6,2,2,5,2,2,2,3,5,6,3,5,7 - Very similar,1 - Not at all,1 - Not at all,6,4,2,6,2,2,2,5,2,6,5,5,6,2,1 - Not at all,7 - Very similar,2,1 - Not at all,6,2,1 - Not at all,5,1 - Not at all,2,6,1 - Not at all,3,5,2,1 - Not at all,7 - Very similar,2,3,7 - Very similar,3,2,5,2,4,2,3,1 - Not at all,7 - Very similar,"Similarity : they are both landscape paintings with green as base colour; Disimilarity : the left painting gets more lemon and lime (light green) colours which presents more Vitality and joy. In contrast to the right painting, the dim weather and distant mountains drawn in dark colour render a more depressing vibe.","The left painting is more abstract (flattened, distorted, less delicate strokes); the colours are much more vibrant. ","they are both landscape paintings. the moving train brings more dynamic and vital force to the right painting. ","for the right painter, the strokes are more delicate, the colours are brighter with more contrast. 
",29,0,"I don't have any art training, but I have substantial art exposure (you visit museums or galleries regularly, you read about art regularly, and/or you actively follow artists or arts institutions on social media)"
2022-04-22 14:31:04,2022-04-22 15:04:51,IP Address,184.153.16.23,100,2027,True,2022-04-22 15:04:51,R_2sdVNJ98HpN9nCy,,,,,40.7653,-73.9589,anonymous,EN,4,5,3,3,5,2,5,5,2,3,5,5,3,5,4,1 - Not at all,2,2,3,1 - Not at all,3,4,5,3,4,3,2,3,3,3,3,2,3,4,3,2,7 - Very similar,6,7 - Very similar,4,5,2,3,3,1 - Not at all,5,6,3,3,3,1 - Not at all,5,6,3,7 - Very similar,5,2,4,7 - Very similar,2,4,6,3,2,2,3,3,4,3,5,2,2,5,3,7 - Very similar,6,4,7 - Very similar,7 - Very similar,4,7 - Very similar,5,6,6,5,7 - Very similar,7 - Very similar,7 - Very similar,3,7 - Very similar,6,3,6,7 - Very similar,3,7 - Very similar,5,3,6,4,6,7 - Very similar,6,4,7 - Very similar,3,3,5,7 - Very similar,5,7 - Very similar,6,4,7 - Very similar,7 - Very similar,3,6,6,1 - Not at all,6,6,3,6,7 - Very similar,5,7 - Very similar,2,2,5,6,1 - Not at all,7 - Very similar,3,1 - Not at all,7 - Very similar,6,5,7 - Very similar,5,6,6,6,3,7 - Very similar,Similar colors and shapes. This survey was too long,The brush strokes are very different. This survey was too long,Similar colors in reds and greens with brown beige tones. This survey was too long,They're both kinda impressionist although obviously the one on the left is more blurry. This survey was too long,27,0,"I don't have any art training, but I have substantial art exposure (you visit museums or galleries regularly, you read about art regularly, and/or you actively follow artists or arts institutions on social media)"
2022-04-22 14:57:23,2022-04-22 15:35:05,IP Address,104.162.144.65,100,2262,True,2022-04-22 15:35:06,R_Avd0w8plCexY0p3,,,,,40.7297,-73.8163,anonymous,EN,2,3,1 - Not at all,5,5,4,4,4,3,3,6,5,6,5,6,1 - Not at all,1 - Not at all,1 - Not at all,1 - Not at all,1 - Not at all,1 - Not at all,4,4,2,4,2,6,3,2,2,4,1 - Not at all,4,2,2,2,3,6,6,5,6,2,2,3,3,1 - Not at all,3,1 - Not at all,5,5,2,5,6,2,1 - Not at all,1 - Not at all,2,6,6,3,4,4,3,1 - Not at all,3,2,4,5,3,2,3,1 - Not at all,3,2,4,6,5,7 - Very similar,5,4,6,6,5,6,7 - Very similar,6,7 - Very similar,4,2,5,4,4,6,6,6,7 - Very similar,5,4,7 - Very similar,3,4,7 - Very similar,5,2,6,3,2,2,4,3,7 - Very similar,6,6,7 - Very similar,5,6,6,5,2,7 - Very similar,5,4,7 - Very similar,3,2,6,4,1 - Not at all,6,2,1 - Not at all,7 - Very similar,5,2,7 - Very similar,5,5,7 - Very similar,4,5,4,5,3,7 - Very similar,Same topic but different style,Different painting  technique but same topic,"Same topic (painting their reality) but different technique ",Both are expressing their reality,30,4,"Informal training in visual art practice (you create visual art regularly on your own),Formal training in art history, theory, and/or criticism"
2022-04-22 15:29:51,2022-04-22 15:40:24,IP Address,198.210.107.32,100,632,True,2022-04-22 15:40:24,R_3PgBN8VgMXgErks,,,,,38.8789,-99.3392,anonymous,EN,1 - Not at all,1 - Not at all,1 - Not at all,1 - Not at all,1 - Not at all,1 - Not at all,1 - Not at all,1 - Not at all,1 - Not at all,1 - Not at all,1 - Not at all,1 - Not at all,2,1 - Not at all,3,1 - Not at all,1 - Not at all,1 - Not at all,1 - Not at all,1 - Not at all,1 - Not at all,4,7 - Very similar,1 - Not at all,1 - Not at all,1 - Not at all,1 - Not at all,1 - Not at all,1 - Not at all,1 - Not at all,1 - Not at all,1 - Not at all,1 - Not at all,1 - Not at all,1 - Not at all,1 - Not at all,1 - Not at all,1 - Not at all,1 - Not at all,1 - Not at all,1 - Not at all,1 - Not at all,1 - Not at all,1 - Not at all,1 - Not at all,3,6,1 - Not at all,3,7 - Very similar,1 - Not at all,1 - Not at all,1 - Not at all,1 - Not at all,2,5,1 - Not at all,5,7 - Very similar,1 - Not at all,2,7 - Very similar,1 - Not at all,1 - Not at all,3,1 - Not at all,2,1 - Not at all,3,1 - Not at all,1 - Not at all,1 - Not at all,5,1 - Not at all,7 - Very similar,1 - Not at all,1 - Not at all,5,1 - Not at all,1 - Not at all,4,1 - Not at all,1 - Not at all,4,2,1 - Not at all,3,1 - Not at all,1 - Not at all,1 - Not at all,1 - Not at all,1 - Not at all,1 - Not at all,5,7 - Very similar,5,1 - Not at all,1 - Not at all,4,2,1 - Not at all,5,1 - Not at all,4,4,1 - Not at all,1 - Not at all,1 - Not at all,7 - Very similar,5,7 - Very similar,2,1 - Not at all,3,1 - Not at all,1 - Not at all,4,1 - Not at all,1 - Not at all,1 - Not at all,1 - Not at all,1 - Not at all,1 - Not at all,1 - Not at all,1 - Not at all,3,1 - Not at all,1 - Not at all,4,3,1 - Not at all,3,3,1 - Not at all,5,2,1 - Not at all,3,1 - Not at all,1 - Not at all,1 - Not at all,1 - Not at all,1 - Not at all,1 - Not at all,"colors,style,roundness,topic","colors,brushstroke direction,texture","colors,shape of the background,subject matter","colors,texture,recognizability",27,0,"I don't have any art training, and I have little or no art exposure"
2022-04-22 15:35:21,2022-04-22 15:49:00,IP Address,87.208.168.64,100,818,True,2022-04-22 15:49:00,R_2dlNw2SwVTcWQr5,,,,,52.3664,4.8496,anonymous,EN,1 - Not at all,1 - Not at all,1 - Not at all,1 - Not at all,1 - Not at all,1 - Not at all,1 - Not at all,1 - Not at all,1 - Not at all,1 - Not at all,1 - Not at all,1 - Not at all,1 - Not at all,1 - Not at all,1 - Not at all,1 - Not at all,1 - Not at all,1 - Not at all,1 - Not at all,1 - Not at all,1 - Not at all,1 - Not at all,1 - Not at all,1 - Not at all,1 - Not at all,1 - Not at all,1 - Not at all,1 - Not at all,1 - Not at all,1 - Not at all,1 - Not at all,1 - Not at all,1 - Not at all,1 - Not at all,1 - Not at all,1 - Not at all,1 - Not at all,1 - Not at all,7 - Very similar,1 - Not at all,1 - Not at all,1 - Not at all,1 - Not at all,1 - Not at all,1 - Not at all,1 - Not at all,1 - Not at all,1 - Not at all,1 - Not at all,1 - Not at all,1 - Not at all,1 - Not at all,1 - Not at all,1 - Not at all,1 - Not at all,5,1 - Not at all,1 - Not at all,7 - Very similar,1 - Not at all,1 - Not at all,1 - Not at all,1 - Not at all,1 - Not at all,1 - Not at all,1 - Not at all,1 - Not at all,4,2,1 - Not at all,1 - Not at all,1 - Not at all,1 - Not at all,1 - Not at all,7 - Very similar,1 - Not at all,1 - Not at all,7 - Very similar,1 - Not at all,6,7 - Very similar,1 - Not at all,1 - Not at all,5,1 - Not at all,1 - Not at all,1 - Not at all,1 - Not at all,1 - Not at all,1 - Not at all,1 - Not at all,1 - Not at all,1 - Not at all,1 - Not at all,1 - Not at all,1 - Not at all,7 - Very similar,7 - Very similar,7 - Very similar,7 - Very similar,7 - Very similar,7 - Very similar,1 - Not at all,1 - Not at all,1 - Not at all,1 - Not at all,1 - Not at all,1 - Not at all,4,1 - Not at all,6,1 - Not at all,1 - Not at all,7 - Very similar,3,1 - Not at all,7 - Very similar,1 - Not at all,1 - Not at all,1 - Not at all,1 - Not at all,1 - Not at all,1 - Not at all,7 - Very similar,7 - Very similar,7 - Very similar,1 - Not at all,1 - Not at all,1 - Not at all,1 - Not at all,1 - Not at all,7 - Very similar,1 - Not at all,3,7 - Very similar,1 - Not at all,1 - Not at all,4,1 - Not at all,1 - Not at all,1 - Not at all,3,3,7 - Very similar,it is really hard to explain. the visual feel is so different. maybe because of color and i cannot really tell what it is of the left side,"color and structure ",cuz it has the same layout and subject. so to me is leaning  towards similar,"color, rotation",31,0,"I don't have any art training, and I have little or no art exposure"
2022-04-22 15:28:13,2022-04-22 15:51:14,IP Address,24.102.120.157,100,1381,True,2022-04-22 15:51:15,R_2QMrq8FFZkNFQCn,,,,,40.7465,-73.909,anonymous,EN,2,5,1 - Not at all,2,5,1 - Not at all,4,3,1 - Not at all,2,3,2,2,3,4,1 - Not at all,1 - Not at all,1 - Not at all,1 - Not at all,1 - Not at all,1 - Not at all,2,3,1 - Not at all,2,2,2,2,2,1 - Not at all,2,1 - Not at all,1 - Not at all,2,4,1 - Not at all,2,1 - Not at all,6,2,5,1 - Not at all,1 - Not at all,4,2,4,4,1 - Not at all,2,5,2,3,6,2,3,4,2,2,6,1 - Not at all,2,4,2,2,3,2,2,5,2,2,4,2,2,2,6,4,3,7 - Very similar,5,6,6,4,5,5,5,4,6,3,3,7 - Very similar,3,3,5,6,6,6,5,5,7 - Very similar,3,1 - Not at all,6,3,3,6,2,1 - Not at all,6,4,2,7 - Very similar,5,6,6,4,3,7 - Very similar,2,1 - Not at all,6,2,2,6,3,1 - Not at all,5,3,1 - Not at all,6,2,1 - Not at all,7 - Very similar,1 - Not at all,2,7 - Very similar,4,2,6,3,5,6,2,2,7 - Very similar,The difference in coloration (black in one) and especially in depth made these scenes seem different visually though they seem to both be landscapes. But some of the colors are similar.,"Both are more angular in representation, but one lacks all depth, and so the styles seem more different than similar.",Similar scenes and vantage points but different colors and styles--both blurry rather than exact though,Very different way of portraying a similar scene,57,10,"I don't have any art training, but I have substantial art exposure (you visit museums or galleries regularly, you read about art regularly, and/or you actively follow artists or arts institutions on social media)"
2022-04-22 16:00:24,2022-04-22 16:24:54,IP Address,184.152.224.196,100,1470,True,2022-04-22 16:24:55,R_2zZ8Y5Fy0rkz2SS,,,,,40.738,-73.9858,anonymous,EN,2,5,1 - Not at all,5,3,2,1 - Not at all,1 - Not at all,1 - Not at all,2,4,5,4,3,5,1 - Not at all,1 - Not at all,1 - Not at all,3,1 - Not at all,1 - Not at all,3,2,1 - Not at all,1 - Not at all,1 - Not at all,1 - Not at all,3,1 - Not at all,1 - Not at all,3,4,1 - Not at all,3,1 - Not at all,1 - Not at all,3,2,5,4,3,1 - Not at all,1 - Not at all,1 - Not at all,1 - Not at all,3,4,1 - Not at all,3,4,2,3,5,2,4,4,1 - Not at all,5,5,1 - Not at all,2,4,1 - Not at all,1 - Not at all,2,2,2,5,4,1 - Not at all,1 - Not at all,1 - Not at all,4,1 - Not at all,7 - Very similar,4,2,7 - Very similar,4,5,7 - Very similar,2,3,4,3,6,5,5,4,6,1 - Not at all,2,5,4,4,6,4,2,7 - Very similar,5,4,7 - Very similar,4,2,6,1 - Not at all,2,5,5,2,6,3,1 - Not at all,4,3,2,7 - Very similar,4,1 - Not at all,7 - Very similar,1 - Not at all,2,6,5,1 - Not at all,5,3,1 - Not at all,5,2,1 - Not at all,7 - Very similar,2,1 - Not at all,4,3,3,5,4,6,7 - Very similar,2,1 - Not at all,7 - Very similar,"Both display a predominance of green with and bit of yellow ","Both show patterns, and thick strokes ",Both shows similar angle view towards a sort of town (thereâ€™s perspective),"One (right) display clear lines and figures, the other use what appears to be fast strokes ",31,0,"I don't have any art training, and I have little or no art exposure"
2022-04-22 16:17:07,2022-04-22 18:18:07,IP Address,68.129.251.245,100,7259,True,2022-04-22 18:18:07,R_3XlAEvU8IDNLkmB,,,,,40.7503,-74.0014,anonymous,EN,4,6,1 - Not at all,5,4,1 - Not at all,4,4,2,3,5,3,3,6,5,1 - Not at all,2,1 - Not at all,1 - Not at all,1 - Not at all,1 - Not at all,3,3,2,2,2,3,2,1 - Not at all,1 - Not at all,5,3,3,5,4,2,3,3,5,3,7 - Very similar,3,1 - Not at all,4,1 - Not at all,6,5,2,3,4,1 - Not at all,1 - Not at all,3,1 - Not at all,5,5,2,5,6,1 - Not at all,1 - Not at all,1 - Not at all,2,4,3,2,2,4,3,2,1 - Not at all,4,4,6,5,7 - Very similar,6,7 - Very similar,5,6,6,5,6,6,5,7 - Very similar,6,5,3,6,3,2,6,6,6,7 - Very similar,5,4,6,5,4,6,4,2,5,3,2,5,6,7 - Very similar,7 - Very similar,5,4,7 - Very similar,5,6,7 - Very similar,5,1 - Not at all,6,3,3,5,6,6,6,4,2,6,3,1 - Not at all,6,1 - Not at all,2,7 - Very similar,5,5,5,4,6,5,6,2,7 - Very similar,"Ripples through the whole image, greens, landscape. Your eyes are drawn to the same parts of both images.",The left uses a lot more thick strokes compared to the right. The color choices in the left are much more different.,"It is the same kind of image, it feels like it could be the same town from a different angle.","The strokes are very similar, you can see it in the trees and the tops of the houses.",23,0,"I don't have any art training, and I have little or no art exposure"
2022-04-23 06:59:06,2022-04-23 07:23:23,IP Address,62.163.15.252,100,1457,True,2022-04-23 07:23:24,R_3oMga3CrL1DyZbC,,,,,52.3795,4.8777,anonymous,EN,3,4,1 - Not at all,2,1 - Not at all,1 - Not at all,4,2,5,3,2,5,6,3,6,1 - Not at all,1 - Not at all,1 - Not at all,2,1 - Not at all,1 - Not at all,3,4,1 - Not at all,2,1 - Not at all,1 - Not at all,2,2,2,2,2,2,2,2,1 - Not at all,1 - Not at all,1 - Not at all,4,5,3,2,2,1 - Not at all,1 - Not at all,5,5,2,3,5,1 - Not at all,4,3,5,2,4,1 - Not at all,4,6,2,2,4,1 - Not at all,3,5,2,3,2,4,2,2,1 - Not at all,2,1 - Not at all,5,3,2,5,3,2,4,4,4,4,4,3,5,3,2,4,5,1 - Not at all,5,7 - Very similar,3,7 - Very similar,6,3,6,4,1 - Not at all,6,3,2,2,2,1 - Not at all,2,5,2,5,2,2,4,2,1 - Not at all,5,2,1 - Not at all,5,2,1 - Not at all,5,4,2,5,2,1 - Not at all,4,4,1 - Not at all,7 - Very similar,3,2,6,2,3,2,3,3,4,2,1 - Not at all,7 - Very similar,The content are both countryside and the colour style are both bright and cube-ish,The colour style are both bright and cube-ish,"Both paintings are layered with buildings and colours are from bright to dark ","Both pictures have mixed colour style and similar way of drawing houses. ",29,0,"I don't have any art training, but I have substantial art exposure (you visit museums or galleries regularly, you read about art regularly, and/or you actively follow artists or arts institutions on social media)"
2022-04-23 08:12:02,2022-04-23 08:29:42,IP Address,209.107.186.45,100,1059,True,2022-04-23 08:29:42,R_1GPvpEaLmYsPVYf,,,,,33.0326,-96.7859,anonymous,EN,1 - Not at all,5,1 - Not at all,1 - Not at all,1 - Not at all,1 - Not at all,3,5,2,1 - Not at all,1 - Not at all,1 - Not at all,1 - Not at all,1 - Not at all,4,1 - Not at all,1 - Not at all,1 - Not at all,1 - Not at all,1 - Not at all,1 - Not at all,1 - Not at all,3,1 - Not at all,1 - Not at all,1 - Not at all,1 - Not at all,1 - Not at all,1 - Not at all,1 - Not at all,1 - Not at all,1 - Not at all,1 - Not at all,1 - Not at all,1 - Not at all,1 - Not at all,1 - Not at all,2,7 - Very similar,1 - Not at all,5,1 - Not at all,1 - Not at all,1 - Not at all,1 - Not at all,3,5,1 - Not at all,1 - Not at all,3,1 - Not at all,2,4,1 - Not at all,1 - Not at all,4,1 - Not at all,1 - Not at all,7 - Very similar,1 - Not at all,1 - Not at all,5,1 - Not at all,1 - Not at all,3,1 - Not at all,1 - Not at all,2,1 - Not at all,1 - Not at all,1 - Not at all,1 - Not at all,1 - Not at all,1 - Not at all,7 - Very similar,4,5,7 - Very similar,7 - Very similar,7 - Very similar,7 - Very similar,2,3,1 - Not at all,1 - Not at all,2,5,1 - Not at all,3,7 - Very similar,2,2,5,3,1 - Not at all,7 - Very similar,3,4,7 - Very similar,3,2,7 - Very similar,3,3,7 - Very similar,1 - Not at all,2,4,3,1 - Not at all,7 - Very similar,3,3,3,5,2,7 - Very similar,1 - Not at all,1 - Not at all,7 - Very similar,1 - Not at all,1 - Not at all,7 - Very similar,1 - Not at all,1 - Not at all,6,1 - Not at all,1 - Not at all,7 - Very similar,1 - Not at all,1 - Not at all,7 - Very similar,4,1 - Not at all,7 - Very similar,1 - Not at all,1 - Not at all,7 - Very similar,2,4,6,1 - Not at all,1 - Not at all,7 - Very similar,"those images have similar subjects but highlight different aspects of it, provoking a different feeling","Although the styles are different enough, compared to other paintings I had to classify its similarity, this pair has more commonalities, such as brush strokes",They are close but very easy to tell apart IMO,It seems like the same scenary,31,0,"I don't have any art training, but I have substantial art exposure (you visit museums or galleries regularly, you read about art regularly, and/or you actively follow artists or arts institutions on social media)"
2022-04-23 10:52:56,2022-04-23 11:13:23,IP Address,152.37.64.195,100,1227,True,2022-04-23 11:13:24,R_3qvOw0aMWiIQLMc,,,,,51.4805,-0.0113,anonymous,EN,1 - Not at all,1 - Not at all,1 - Not at all,1 - Not at all,5,1 - Not at all,2,6,1 - Not at all,1 - Not at all,1 - Not at all,1 - Not at all,1 - Not at all,2,3,1 - Not at all,1 - Not at all,1 - Not at all,1 - Not at all,1 - Not at all,1 - Not at all,1 - Not at all,2,2,1 - Not at all,6,1 - Not at all,1 - Not at all,1 - Not at all,1 - Not at all,1 - Not at all,1 - Not at all,1 - Not at all,1 - Not at all,1 - Not at all,1 - Not at all,1 - Not at all,3,3,1 - Not at all,2,1 - Not at all,1 - Not at all,1 - Not at all,1 - Not at all,1 - Not at all,5,1 - Not at all,1 - Not at all,5,1 - Not at all,2,6,1 - Not at all,1 - Not at all,6,1 - Not at all,1 - Not at all,7 - Very similar,1 - Not at all,1 - Not at all,5,1 - Not at all,1 - Not at all,1 - Not at all,1 - Not at all,2,4,1 - Not at all,1 - Not at all,1 - Not at all,1 - Not at all,2,1 - Not at all,3,2,1 - Not at all,6,4,6,7 - Very similar,4,6,7 - Very similar,3,7 - Very similar,7 - Very similar,4,4,5,1 - Not at all,1 - Not at all,4,3,2,7 - Very similar,5,3,7 - Very similar,2,1 - Not at all,6,3,1 - Not at all,7 - Very similar,1 - Not at all,1 - Not at all,1 - Not at all,4,3,5,2,5,5,1 - Not at all,5,2,1 - Not at all,1 - Not at all,5,2,1 - Not at all,4,2,2,4,1 - Not at all,1 - Not at all,4,2,1 - Not at all,6,1 - Not at all,1 - Not at all,4,2,1 - Not at all,5,1 - Not at all,5,3,2,1 - Not at all,7 - Very similar,"Both of them are quite colorful, and I feel like colors used in those paintings are quite similar.","It's related to the similarity for this pair of painting, and both of them have similar colors which make me feel they have similar style.","The topic of these two painting are quite similar which is courtyard, beautiful village and nature.  ","Based on the similar topic of these two paintings, it give me similar styles",27,0,"I don't have any art training, and I have little or no art exposure"
2022-04-23 15:39:28,2022-04-23 16:03:00,IP Address,91.109.237.172,100,1411,True,2022-04-23 16:03:00,R_eKccnhG2p3A8AkV,,,,,51.4805,-0.0113,anonymous,EN,2,5,1 - Not at all,2,4,1 - Not at all,2,3,1 - Not at all,1 - Not at all,2,1 - Not at all,2,2,5,1 - Not at all,2,1 - Not at all,3,4,1 - Not at all,3,5,1 - Not at all,1 - Not at all,2,1 - Not at all,1 - Not at all,1 - Not at all,1 - Not at all,4,5,2,1 - Not at all,4,1 - Not at all,2,1 - Not at all,4,2,5,1 - Not at all,2,2,1 - Not at all,3,4,1 - Not at all,2,3,1 - Not at all,2,4,1 - Not at all,2,5,1 - Not at all,2,5,1 - Not at all,2,4,1 - Not at all,2,4,1 - Not at all,3,5,2,2,2,1 - Not at all,2,2,4,5,5,7 - Very similar,4,4,4,5,6,5,3,6,5,4,5,1 - Not at all,3,5,2,7 - Very similar,7 - Very similar,7 - Very similar,6,5,6,4,2,7 - Very similar,3,3,2,2,3,2,5,5,6,5,4,5,5,5,6,2,1 - Not at all,3,1 - Not at all,2,1 - Not at all,3,2,5,1 - Not at all,2,2,2,1 - Not at all,5,1 - Not at all,1 - Not at all,5,5,7 - Very similar,5,1 - Not at all,4,3,2,2,6,The green colour,The pattern is simiar,"Both have houses, as well as using the similar colour",Both are close to impressionism style,28,0,"I don't have any art training, but I have substantial art exposure (you visit museums or galleries regularly, you read about art regularly, and/or you actively follow artists or arts institutions on social media)"
2022-04-23 20:57:37,2022-04-23 21:30:26,IP Address,75.54.103.127,100,1968,True,2022-04-23 21:30:26,R_1GNPPKNZklRSopI,,,,,33.672,-117.7402,anonymous,EN,2,4,1 - Not at all,2,3,4,1 - Not at all,2,3,3,4,2,6,6,6,1 - Not at all,1 - Not at all,1 - Not at all,1 - Not at all,1 - Not at all,1 - Not at all,1 - Not at all,2,1 - Not at all,1 - Not at all,1 - Not at all,1 - Not at all,1 - Not at all,2,1 - Not at all,2,1 - Not at all,3,4,4,1 - Not at all,5,5,7 - Very similar,3,6,1 - Not at all,2,6,1 - Not at all,5,6,3,1 - Not at all,7 - Very similar,1 - Not at all,5,4,2,7 - Very similar,7 - Very similar,1 - Not at all,2,7 - Very similar,1 - Not at all,5,6,1 - Not at all,4,4,1 - Not at all,6,6,1 - Not at all,1 - Not at all,1 - Not at all,1 - Not at all,5,4,7 - Very similar,7 - Very similar,7 - Very similar,7 - Very similar,7 - Very similar,7 - Very similar,7 - Very similar,6,6,6,4,4,6,3,4,5,6,6,4,6,6,7 - Very similar,5,5,7 - Very similar,4,4,7 - Very similar,6,6,6,1 - Not at all,2,2,6,6,7 - Very similar,6,6,7 - Very similar,4,6,7 - Very similar,2,1 - Not at all,6,4,4,4,6,6,6,2,1 - Not at all,4,5,1 - Not at all,7 - Very similar,2,2,5,4,3,6,3,5,4,1 - Not at all,1 - Not at all,7 - Very similar,"The left one has more bright and light color. The left one looks more color contrast than the right one. ",The overall styles are quite similar but the right one uses more brushes and provides more textures than the left one. The left one looks flat and 2D.,"The structure are similar, both have castles and houses. Colors are similar, both yellowish, brownish and green toned colors.",Both paintings uses brushes and produces more textures. The right one has more lines and more detailed.,27,0,"I don't have any art training, but I have substantial art exposure (you visit museums or galleries regularly, you read about art regularly, and/or you actively follow artists or arts institutions on social media)"
2022-04-24 09:59:36,2022-04-24 10:19:09,IP Address,73.81.114.45,100,1172,True,2022-04-24 10:19:10,R_vOg4MmTnF19hjHz,,,,,39.9597,-75.1995,anonymous,EN,1 - Not at all,3,1 - Not at all,1 - Not at all,1 - Not at all,1 - Not at all,3,5,1 - Not at all,1 - Not at all,4,1 - Not at all,3,6,4,1 - Not at all,2,1 - Not at all,1 - Not at all,6,1 - Not at all,1 - Not at all,3,1 - Not at all,1 - Not at all,1 - Not at all,1 - Not at all,1 - Not at all,1 - Not at all,1 - Not at all,1 - Not at all,1 - Not at all,1 - Not at all,1 - Not at all,6,1 - Not at all,2,1 - Not at all,5,1 - Not at all,2,1 - Not at all,1 - Not at all,1 - Not at all,1 - Not at all,2,1 - Not at all,1 - Not at all,1 - Not at all,5,2,1 - Not at all,5,1 - Not at all,1 - Not at all,5,1 - Not at all,1 - Not at all,5,1 - Not at all,1 - Not at all,3,1 - Not at all,2,4,1 - Not at all,2,3,1 - Not at all,1 - Not at all,3,1 - Not at all,2,1 - Not at all,6,5,2,6,5,3,6,4,5,5,2,5,2,2,5,3,1 - Not at all,2,2,2,6,3,2,4,2,4,1 - Not at all,7 - Very similar,2,4,7 - Very similar,1 - Not at all,2,1 - Not at all,4,5,6,3,2,4,3,3,5,3,1 - Not at all,6,1 - Not at all,1 - Not at all,3,5,2,4,2,1 - Not at all,6,2,1 - Not at all,6,3,1 - Not at all,3,5,7 - Very similar,5,3,5,3,3,1 - Not at all,7 - Very similar,Second image shows mountain but first image is too chaotic to guess anything trivial out of it.,"Color strokes in first and second image seems equally chaotic to some extent, though the chaos seems more pronounced in second image.",Both shows town having houses and roads.,Color strokes are more chaotic in first image than second one but similar to some extent.,25,1,"Informal training in art history, theory, and/or criticism (you've studied at least one of these on your own),I don't have any art training, but I have substantial art exposure (you visit museums or galleries regularly, you read about art regularly, and/or you actively follow artists or arts institutions on social media)"
2022-04-24 10:39:07,2022-04-24 10:57:41,IP Address,152.37.64.195,100,1114,True,2022-04-24 10:57:42,R_cOwEmeVvKiZWhah,,,,,51.4805,-0.0113,anonymous,EN,2,4,1 - Not at all,3,3,5,4,4,4,1 - Not at all,1 - Not at all,4,1 - Not at all,1 - Not at all,1 - Not at all,1 - Not at all,1 - Not at all,1 - Not at all,1 - Not at all,1 - Not at all,1 - Not at all,1 - Not at all,3,7 - Very similar,1 - Not at all,1 - Not at all,1 - Not at all,1 - Not at all,1 - Not at all,1 - Not at all,3,2,3,2,3,1 - Not at all,2,2,5,1 - Not at all,3,2,1 - Not at all,2,2,3,3,2,1 - Not at all,4,1 - Not at all,3,4,5,4,6,3,2,4,1 - Not at all,3,3,6,5,3,4,5,5,4,1 - Not at all,1 - Not at all,3,3,1 - Not at all,5,2,4,5,3,5,7 - Very similar,3,5,5,5,5,7 - Very similar,3,1 - Not at all,6,3,3,7 - Very similar,5,5,7 - Very similar,4,2,5,3,4,6,3,3,6,1 - Not at all,1 - Not at all,6,5,5,7 - Very similar,5,2,7 - Very similar,3,2,5,4,1 - Not at all,7 - Very similar,2,2,5,2,1 - Not at all,4,5,1 - Not at all,7 - Very similar,1 - Not at all,1 - Not at all,7 - Very similar,3,3,7 - Very similar,3,1 - Not at all,7 - Very similar,3,2,7 - Very similar,1 - Not at all,1 - Not at all,7 - Very similar,I think the reason why is it's trying to draw from a high view point and draw mountain.,The use of colour is completely different and the style on the left seems to be within last 100 years.,the use of colour is very similar and also trying to draw a town or buildings,"The use of colour is quite similar, but right seems to more like a sketch.",28,0,"I don't have any art training, and I have little or no art exposure"
2022-04-25 08:54:58,2022-04-25 09:12:33,IP Address,173.2.161.35,100,1054,True,2022-04-25 09:12:33,R_ZmLsPcEuBtzzemZ,,,,,40.793,-74.0247,anonymous,EN,4,7 - Very similar,1 - Not at all,4,7 - Very similar,2,3,4,3,5,7 - Very similar,4,5,5,6,1 - Not at all,1 - Not at all,1 - Not at all,4,1 - Not at all,5,5,7 - Very similar,1 - Not at all,4,5,2,4,4,2,4,5,2,4,6,2,5,6,4,5,7 - Very similar,1 - Not at all,3,6,1 - Not at all,4,6,2,5,7 - Very similar,2,4,6,2,6,7 - Very similar,4,5,7 - Very similar,1 - Not at all,5,7 - Very similar,3,3,4,1 - Not at all,6,7 - Very similar,5,4,6,3,6,5,7 - Very similar,7 - Very similar,6,7 - Very similar,6,5,7 - Very similar,6,6,7 - Very similar,7 - Very similar,7 - Very similar,7 - Very similar,6,7 - Very similar,4,5,5,5,7 - Very similar,6,7 - Very similar,6,5,7 - Very similar,6,6,7 - Very similar,6,6,6,6,6,6,6,6,7 - Very similar,5,5,6,7 - Very similar,6,7 - Very similar,5,2,7 - Very similar,4,4,5,6,5,6,5,2,7 - Very similar,5,1 - Not at all,7 - Very similar,4,3,7 - Very similar,6,6,6,3,5,2,5,1 - Not at all,7 - Very similar,"impressionist
fields/ subject matter
nature
color scheme is similar","block-like/ boxy
impressionist","subject matter like a town
color scheme 
rural feel","not realistic
splotchy
mountains and trees more so than the buildings for the right picture ",25,0,"I don't have any art training, and I have little or no art exposure"
2022-04-22 11:44:21,2022-04-22 11:44:27,IP Address,71.105.233.148,7,5,False,2022-04-29 11:44:52,R_2rx3YoAHCOcADTn,,,,,,,anonymous,EN,,,,,,,,,,,,,,,,,,,,,,,,,,,,,,,,,,,,,,,,,,,,,,,,,,,,,,,,,,,,,,,,,,,,,,,,,,,,,,,,,,,,,,,,,,,,,,,,,,,,,,,,,,,,,,,,,,,,,,,,,,,,,,,,,,,,,,,,,,,,,,,,,,,,,,,
2022-04-21 15:29:52,2022-04-22 11:50:39,IP Address,216.165.95.151,8,73246,False,2022-04-29 11:50:51,R_4OpuEuJkwUhfSxj,,,,,,,anonymous,EN,4,6,6,,4,4,4,6,6,3,5,5,4,6,6,,,,,,,,,,,,,,,,,,,,,,,,,,,,,,,,,,,,,,,,,,,,,,,,,,,,,,,,,,,,,,,,,,,,,,,,,,,,,,,,,,,,,,,,,,,,,,,,,,,,,,,,,,,,,,,,,,,,,,,,,,,,,,,,,,,,,,,,
2022-04-22 11:59:40,2022-04-22 11:59:41,IP Address,72.76.69.216,7,1,False,2022-04-29 11:59:42,R_O9YjN1FZBlZoWuB,,,,,,,anonymous,EN,,,,,,,,,,,,,,,,,,,,,,,,,,,,,,,,,,,,,,,,,,,,,,,,,,,,,,,,,,,,,,,,,,,,,,,,,,,,,,,,,,,,,,,,,,,,,,,,,,,,,,,,,,,,,,,,,,,,,,,,,,,,,,,,,,,,,,,,,,,,,,,,,,,,,,,
2022-04-22 12:03:16,2022-04-22 12:03:18,Spam,71.105.233.148,7,1,False,2022-04-29 12:06:05,R_2wphlDSEjJQo9U0,,,,,,,anonymous,EN,,,,,,,,,,,,,,,,,,,,,,,,,,,,,,,,,,,,,,,,,,,,,,,,,,,,,,,,,,,,,,,,,,,,,,,,,,,,,,,,,,,,,,,,,,,,,,,,,,,,,,,,,,,,,,,,,,,,,,,,,,,,,,,,,,,,,,,,,,,,,,,,,,,,,,,
2022-04-22 12:16:42,2022-04-22 12:17:22,IP Address,158.222.213.59,7,40,False,2022-04-29 12:19:20,R_3j0Crj26a6Lb9xk,,,,,,,anonymous,EN,,,,,,,,,,,,,,,,,,,,,,,,,,,,,,,,,,,,,,,,,,,,,,,,,,,,,,,,,,,,,,,,,,,,,,,,,,,,,,,,,,,,,,,,5,4,2,,,,,,,,,,,,,,,,,,,,,,,,,,,,,,,,,,,,,,,,,,,,,,,,,,,,,,,,,,,,,
2022-04-22 12:28:38,2022-04-22 12:28:42,IP Address,74.71.19.158,7,4,False,2022-04-29 12:28:46,R_8pF1RVVdgZqDIDn,,,,,,,anonymous,EN,,,,,,,,,,,,,,,,,,,,,,,,,,,,,,,,,,,,,,,,,,,,,,,,,,,,,,,,,,,,,,,,,,,,,,,,,,,,,,,,,,,,,,,,,,,,,,,,,,,,,,,,,,,,,,,,,,,,,,,,,,,,,,,,,,,,,,,,,,,,,,,,,,,,,,,
2022-04-22 12:22:13,2022-04-22 12:29:51,IP Address,216.165.95.161,7,457,False,2022-04-29 12:29:54,R_1gC5MHGEzcGm8Qq,,,,,,,anonymous,EN,1 - Not at all,2,1 - Not at all,5,6,4,2,6,2,1 - Not at all,3,5,,,,1 - Not at all,1 - Not at all,1 - Not at all,1 - Not at all,1 - Not at all,1 - Not at all,5,3,2,,,,1 - Not at all,1 - Not at all,1 - Not at all,,,,,,,,,,5,3,2,1 - Not at all,1 - Not at all,1 - Not at all,5,5,4,6,5,2,4,6,2,,,,,,,3,1 - Not at all,2,6,5,3,6,6,5,1 - Not at all,1 - Not at all,2,,,,6,6,7 - Very similar,,,,5,5,6,,,,,,,,,,,,,4,2,7 - Very similar,,,,4,6,2,2,2,2,6,3,2,5,3,5,2,6,7 - Very similar,1 - Not at all,1 - Not at all,1 - Not at all,2,3,6,,,,,,,,,,6,5,7 - Very similar,4,3,7 - Very similar,5,7 - Very similar,5,3,1 - Not at all,7 - Very similar,,,,,,,
2022-04-22 12:30:04,2022-04-22 12:30:17,IP Address,67.245.27.5,7,12,False,2022-04-29 12:30:17,R_24NVfv7osyrnD8F,,,,,,,anonymous,EN,,,,,,,,,,,,,,,,,,,,,,,,,,,,,,,,,,,,,,,,,,,,,,,,,,,,,,,,,,,,,,,,,,,,,,,,,,,,,,,,,,,,,,,,,,,,,,,,,,,,,,,,,,,,,,,,,,,,,,,,,,,,,,,,,,,,,,,,,,,,,,,,,,,,,,,
2022-04-22 12:24:14,2022-04-22 12:36:58,IP Address,173.70.235.220,7,764,False,2022-04-29 12:36:59,R_1OC9XtZs5i19EFn,,,,,,,anonymous,EN,,,,,,,,,,,,,3,4,2,1 - Not at all,1 - Not at all,1 - Not at all,2,2,1 - Not at all,,,,3,3,5,1 - Not at all,1 - Not at all,1 - Not at all,3,2,3,3,2,3,4,5,6,,,,,,,2,5,2,,,,,,,,,,,,,,,,1 - Not at all,1 - Not at all,1 - Not at all,2,4,2,3,5,4,,,,,,,3,4,6,6,6,6,,,,,,,,,,,,,4,4,5,,,,3,5,5,,,,,,,3,4,5,,,,,,,1 - Not at all,1 - Not at all,1 - Not at all,1 - Not at all,3,3,,,,6,6,6,4,2,6,6,4,5,3,4,5,4,4,3,,,,,,,
2022-04-22 11:47:58,2022-04-22 13:37:56,IP Address,71.105.233.148,7,6597,False,2022-04-29 13:38:04,R_2XokXLNGU4NliIW,,,,,,,anonymous,EN,,,,,,,,,,,,,,,,,,,,,,,,,,,,,,,,,,,,,,,,,,,,,,,,,,,,,,,,,,,,,,,,,,,,,,,,,,,,,,,,,,,,,,,,,,,,,,,,,,,,,,,,,,,,,,,,,,,,,,,,,,,,,,,,,,,,,,,,,,,,,,,,,,,,,,,
2022-04-22 13:45:23,2022-04-22 13:45:29,IP Address,74.102.223.27,7,5,False,2022-04-29 13:45:36,R_29v2NO0ScMCHO2g,,,,,,,anonymous,EN,,,,,,,,,,,,,,,,,,,,,,,,,,,,,,,,,,,,,,,,,,,,,,,,,,,,,,,,,,,,,,,,,,,,,,,,,,,,,,,,,,,,,,,,,,,,,,,,,,,,,,,,,,,,,,,,,,,,,,,,,,,,,,,,,,,,,,,,,,,,,,,,,,,,,,,
2022-04-22 14:11:00,2022-04-22 14:11:04,IP Address,173.70.235.220,7,4,False,2022-04-29 14:11:10,R_1K8SfkrNspXKmbu,,,,,,,anonymous,EN,,,,,,,,,,,,,,,,,,,,,,,,,,,,,,,,,,,,,,,,,,,,,,,,,,,,,,,,,,,,,,,,,,,,,,,,,,,,,,,,,,,,,,,,,,,,,,,,,,,,,,,,,,,,,,,,,,,,,,,,,,,,,,,,,,,,,,,,,,,,,,,,,,,,,,,
2022-04-22 11:22:49,2022-04-22 14:11:55,IP Address,71.105.233.148,7,10145,False,2022-04-29 14:11:58,R_3iIJKNIzf5brt59,,,,,,,anonymous,EN,,,,,,,,,,,,,,,,,,,,,,,,,,,,,,,,,,,,,,,,,,,,,,,,,,,,,,,,,,,,,,,,,,,,,,,,,,,,,,,,,,,,,,,,,,,,,,,,,,,,,,,,,,,,,,,,,,,,,,,,,,,,,,,,,,,,,,,,,,,,,,,,,,,,,,,
2022-04-22 14:21:53,2022-04-22 14:21:56,IP Address,198.210.107.32,7,2,False,2022-04-29 14:22:02,R_tGJDuzF0pZr5sVr,,,,,,,anonymous,EN,,,,,,,,,,,,,,,,,,,,,,,,,,,,,,,,,,,,,,,,,,,,,,,,,,,,,,,,,,,,,,,,,,,,,,,,,,,,,,,,,,,,,,,,,,,,,,,,,,,,,,,,,,,,,,,,,,,,,,,,,,,,,,,,,,,,,,,,,,,,,,,,,,,,,,,
2022-04-22 14:28:53,2022-04-22 14:28:55,IP Address,87.208.168.64,7,1,False,2022-04-29 14:28:56,R_O8dZuwIqQq6b0YN,,,,,,,anonymous,EN,,,,,,,,,,,,,,,,,,,,,,,,,,,,,,,,,,,,,,,,,,,,,,,,,,,,,,,,,,,,,,,,,,,,,,,,,,,,,,,,,,,,,,,,,,,,,,,,,,,,,,,,,,,,,,,,,,,,,,,,,,,,,,,,,,,,,,,,,,,,,,,,,,,,,,,
2022-04-22 14:30:10,2022-04-22 14:30:12,IP Address,172.58.238.128,7,2,False,2022-04-29 14:30:15,R_3qOlOIuG4DOXvOa,,,,,,,anonymous,EN,,,,,,,,,,,,,,,,,,,,,,,,,,,,,,,,,,,,,,,,,,,,,,,,,,,,,,,,,,,,,,,,,,,,,,,,,,,,,,,,,,,,,,,,,,,,,,,,,,,,,,,,,,,,,,,,,,,,,,,,,,,,,,,,,,,,,,,,,,,,,,,,,,,,,,,
2022-04-22 14:36:05,2022-04-22 14:41:23,IP Address,71.167.74.8,7,318,False,2022-04-29 14:41:28,R_3Gq8CXrLkTH6SIM,,,,,,,anonymous,EN,5,4,2,1 - Not at all,1 - Not at all,1 - Not at all,3,4,2,3,2,4,5,2,2,1 - Not at all,1 - Not at all,1 - Not at all,2,2,4,2,2,2,1 - Not at all,1 - Not at all,1 - Not at all,1 - Not at all,1 - Not at all,1 - Not at all,1 - Not at all,1 - Not at all,1 - Not at all,1 - Not at all,1 - Not at all,1 - Not at all,2,4,5,,,,,,,2,3,2,4,5,1 - Not at all,4,3,2,3,4,1 - Not at all,5,6,2,2,2,2,1 - Not at all,5,3,5,5,2,2,2,1 - Not at all,2,2,5,2,3,6,5,5,6,4,4,5,2,2,3,,,,4,4,3,5,5,5,3,2,5,3,2,5,1 - Not at all,1 - Not at all,4,2,2,4,4,4,6,,,,4,4,6,3,1 - Not at all,5,3,2,5,2,2,4,,,,,,,1 - Not at all,2,4,4,2,6,,,,,,,,,,,,,
2022-04-22 14:42:39,2022-04-22 14:42:42,IP Address,69.119.228.176,7,2,False,2022-04-29 14:42:46,R_2q28Q6lWC8UeFKd,,,,,,,anonymous,EN,,,,,,,,,,,,,,,,,,,,,,,,,,,,,,,,,,,,,,,,,,,,,,,,,,,,,,,,,,,,,,,,,,,,,,,,,,,,,,,,,,,,,,,,,,,,,,,,,,,,,,,,,,,,,,,,,,,,,,,,,,,,,,,,,,,,,,,,,,,,,,,,,,,,,,,
2022-04-22 14:50:10,2022-04-22 14:50:23,IP Address,69.142.0.39,7,12,False,2022-04-29 14:50:26,R_3j7jXIPqUYaUweo,,,,,,,anonymous,EN,,,,,,,,,,,,,,,,,,,,,,,,,,,,,,,,,,,,,,,,,,,,,,,,,,,,,,,,,,,,,,,,,,,,,,,,,,,,,,,,,,,,,,,,,,,,,,,,,,,,,,,,,,,,,,,,,,,,,,,,,,,,,,,,,,,,,,,,,,,,,,,,,,,,,,,
2022-04-22 14:59:16,2022-04-22 14:59:19,IP Address,216.165.95.161,7,3,False,2022-04-29 14:59:24,R_1PYm3eKbvisO187,,,,,,,anonymous,EN,,,,,,,,,,,,,,,,,,,,,,,,,,,,,,,,,,,,,,,,,,,,,,,,,,,,,,,,,,,,,,,,,,,,,,,,,,,,,,,,,,,,,,,,,,,,,,,,,,,,,,,,,,,,,,,,,,,,,,,,,,,,,,,,,,,,,,,,,,,,,,,,,,,,,,,
2022-04-22 15:30:38,2022-04-22 15:30:51,IP Address,73.50.145.139,7,13,False,2022-04-29 15:36:18,R_1pX2wW2mrQ8mEvX,,,,,,,anonymous,EN,,,,,,,,,,,,,,,,,,,,,,,,,,,,,,,,,,,,,,,,,,,,,,,,,,,,,,,,,,,,,,,,,,,,,,,,,,,,,,,,,,,,,,,,,,,,,,,,,,,,,,,,,,,,,,,,,,,,,,,,,,,,,,,,,,,,,,,,,,,,,,,,,,,,,,,
2022-04-22 15:43:00,2022-04-22 15:45:53,IP Address,24.0.151.72,7,173,False,2022-04-29 15:46:38,R_SAZ2jjVAg0Mtddf,,,,,,,anonymous,EN,,,,4,6,1 - Not at all,,,,,,,,,,,,,,,,,,,,,,,,,,,,1 - Not at all,1 - Not at all,1 - Not at all,,,,,,,,,,,,,1 - Not at all,1 - Not at all,1 - Not at all,1 - Not at all,7 - Very similar,2,,,,,,,1 - Not at all,3,2,2,1 - Not at all,1 - Not at all,,,,1 - Not at all,1 - Not at all,1 - Not at all,,,,,,,,,,5,2,6,,,,,,,,,,,,,4,2,6,,,,,,,,,,,,,4,1 - Not at all,6,,,,,,,,,,,,,,,,,,,,,,,,,7 - Very similar,7 - Very similar,5,,,,,,,,,,
2022-04-22 14:47:57,2022-04-22 15:52:26,IP Address,68.132.227.68,7,3869,False,2022-04-29 15:52:29,R_yUxVkGYHqKFT25H,,,,,,,anonymous,EN,3,6,7 - Very similar,1 - Not at all,1 - Not at all,1 - Not at all,,,,,,,6,6,6,1 - Not at all,1 - Not at all,1 - Not at all,,,,2,3,1 - Not at all,1 - Not at all,2,2,,,,1 - Not at all,3,4,,,,,,,,,,,,,2,5,1 - Not at all,2,5,4,,,,3,3,1 - Not at all,,,,4,5,1 - Not at all,,,,,,,,,,1 - Not at all,1 - Not at all,1 - Not at all,5,3,6,4,3,7 - Very similar,5,3,6,,,,,,,2,1 - Not at all,6,3,2,6,3,3,7 - Very similar,3,4,7 - Very similar,,,,2,2,2,4,4,7 - Very similar,3,3,3,4,4,7 - Very similar,3,1 - Not at all,6,,,,,,,1 - Not at all,5,7 - Very similar,4,4,7 - Very similar,,,,,,,,,,3,1 - Not at all,7 - Very similar,,,,,,,
2022-04-22 16:02:16,2022-04-22 16:02:19,IP Address,107.127.42.53,7,2,False,2022-04-29 16:02:23,R_2fJpoToZfCvfoDe,,,,,,,anonymous,EN,,,,,,,,,,,,,,,,,,,,,,,,,,,,,,,,,,,,,,,,,,,,,,,,,,,,,,,,,,,,,,,,,,,,,,,,,,,,,,,,,,,,,,,,,,,,,,,,,,,,,,,,,,,,,,,,,,,,,,,,,,,,,,,,,,,,,,,,,,,,,,,,,,,,,,,
2022-04-22 16:02:31,2022-04-22 16:12:09,IP Address,107.77.225.76,7,578,False,2022-04-29 16:12:10,R_3MFhPi6NciD3vpG,,,,,,,anonymous,EN,3,4,3,3,3,4,,,,3,3,3,3,3,3,2,3,1 - Not at all,2,2,2,3,3,3,2,2,4,3,3,3,3,3,3,2,6,1 - Not at all,3,1 - Not at all,7 - Very similar,3,7 - Very similar,4,3,2,2,3,3,3,3,3,3,3,3,3,3,3,3,3,5,2,3,3,3,2,6,5,3,3,5,3,3,5,3,1 - Not at all,7 - Very similar,3,3,3,3,3,3,3,4,3,2,2,3,3,3,6,3,3,3,6,6,6,3,3,3,5,6,7 - Very similar,3,3,7 - Very similar,4,3,5,4,3,7 - Very similar,6,6,6,3,3,3,2,2,3,3,3,4,6,5,6,3,3,3,2,2,6,3,3,5,1 - Not at all,2,5,3,6,5,4,2,7 - Very similar,,,,,,,
2022-04-22 16:21:25,2022-04-22 16:21:50,IP Address,173.70.235.220,7,25,False,2022-04-29 16:21:51,R_22R0344dzo7Vo2c,,,,,,,anonymous,EN,,,,,,,,,,,,,,,,,,,,,,,,,,,,,,,,,,,,,,,,,,,,,,,,,,,,,,,,,,,,,,,,,,,,,,,,,,,,,,,,,,,,,,,,,,,,,,,,,,,,,,,,,,,,,,,,,,,,,,,,,,,,,,,,,,,,,,,,,,,,,,,,,,,,,,,
2022-04-22 16:26:33,2022-04-22 16:27:39,IP Address,67.245.8.115,7,66,False,2022-04-29 16:27:48,R_2zGg5dp8oQxz9SV,,,,,,,anonymous,EN,2,3,4,,,,,,,,,,,,,,,,,,,,,,,,,,,,,,,2,2,2,,,,,,,,,,,,,,,,,,,,,,,,,,,,,,,,,,,,,,,,,,,,,,,,,,,,,,,,,,,,,,,,,,,,,,,,,,,,,,,,,,,,,,,,,,,,,,4,2,6,2,3,6,,,,,,,,,,,,,,,,
2022-04-22 17:44:17,2022-04-22 17:44:21,IP Address,73.226.207.37,7,3,False,2022-04-29 17:44:23,R_d7ismbIVS5177xL,,,,,,,anonymous,EN,,,,,,,,,,,,,,,,,,,,,,,,,,,,,,,,,,,,,,,,,,,,,,,,,,,,,,,,,,,,,,,,,,,,,,,,,,,,,,,,,,,,,,,,,,,,,,,,,,,,,,,,,,,,,,,,,,,,,,,,,,,,,,,,,,,,,,,,,,,,,,,,,,,,,,,
2022-04-22 18:36:48,2022-04-22 19:05:30,IP Address,100.8.203.180,7,1721,False,2022-04-29 19:05:32,R_27rhbwTDPYC7iqa,,,,,,,anonymous,EN,,,,,,,,,,,,,,,,,,,,,,,,,,,,,,,,,,,,,,,,,,,,,,,,,,,,,,,,,,,,,,,,,,,,,,,,,,,,,,,,,,,,,,,,,,,,,,,,,,,,,,,,,,,,,,,,,,,,,,,,,,,,,,,,,,,,,,,,,,,,,,,,,,,,,,,
2022-04-22 19:09:31,2022-04-22 19:09:33,IP Address,108.50.188.221,7,1,False,2022-04-29 19:09:34,R_qIUUpRQZPIYeZz3,,,,,,,anonymous,EN,,,,,,,,,,,,,,,,,,,,,,,,,,,,,,,,,,,,,,,,,,,,,,,,,,,,,,,,,,,,,,,,,,,,,,,,,,,,,,,,,,,,,,,,,,,,,,,,,,,,,,,,,,,,,,,,,,,,,,,,,,,,,,,,,,,,,,,,,,,,,,,,,,,,,,,
2022-04-22 22:14:35,2022-04-22 22:16:08,IP Address,216.165.95.192,7,93,False,2022-04-29 22:16:12,R_xGedSJojdX0zDaN,,,,,,,anonymous,EN,,,,,,,,,,,,,,,,,,,1 - Not at all,1 - Not at all,1 - Not at all,,,,,,,,,,,,,,,,,,,,,,,,,,,,,,,,,,,,,2,4,1 - Not at all,,,,,,,,,,,,,1 - Not at all,1 - Not at all,5,,,,,,,,,,,,,,,,1 - Not at all,2,4,,,,,,,,,,2,1 - Not at all,5,,,,,,,,,,2,1 - Not at all,6,,,,,,,,,,,,,3,1 - Not at all,6,,,,,,,,,,,,,,,,,,,
2022-04-23 12:10:50,2022-04-23 12:12:33,IP Address,24.187.67.93,7,103,False,2022-04-30 12:12:37,R_426IccWwSFjnJ3X,,,,,,,anonymous,EN,,,,,,,,,,,,,,,,,,,,,,,,,,,,,,,,,,,,,,,,,,,,,,,,,,,,,,,,,,,,,,,,,,,,,,,,,,,,,,,,,,,,,,,,,,,,,,,,,,,,,,,,,,,,,,,,,,,,,,,,,,,,,,,,,,,,,,,,,,,,,,,,,,,,,,,
